,Nombre,Tipo,País de Origen,Área de Origen,Inicio de actividad,Fin de actividad,Fecha nacimiento,Fecha fallecimiento
0,Måneskin,Group,IT,Roma,2016,,-,-
1,Elton John,Person,GB,Pinner,-,-,1947-03-25,
2,Parmalee,Group,US,None,None,None,-,-
3,OneRepublic,Group,US,Colorado Springs,2004,,-,-
4,Thomas Rhett,Person,US,Valdosta,-,-,1990-03-30,
5,Jason Aldean,Person,US,Macon,-,-,1977-02-28,
6,Elle King,Person,US,Los Angeles,-,-,1989-07-03,
7,Duran Duran,Group,GB,Birmingham,1978,,-,-
8,Imagine Dragons,Group,US,Las Vegas,2008,,-,-
9,We Are Messengers,Group,US,Monaghan,2015,,-,-
10,Greta Van Fleet,Group,US,Frankenmuth,2012,,-,-
11,Sam Hunt,Person,US,Cedartown,-,-,1984-12-08,
12,Simple Plan,Group,CA,Montréal,1999,,-,-
13,twenty one pilots,Group,US,Columbus,2009,,-,-
14,Japanese Breakfast,Group,US,Philadelphia,2013,,-,-
15,Crowder,Person,US,None,-,-,1971-11-29,
16,Phil Wickham,Person,US,San Diego,-,-,1984-04-05,
17,Jameson Rodgers,Person,US,None,-,-,None,None
18,Lake Street Dive,Group,US,Boston,2004,,-,-
19,Goth Babe,None,None,None,None,None,-,-
20,The Neighbourhood,Group,US,Newbury Park,2011-08,,-,-
21,Ryan Hurd,Person,US,Kalamazoo,-,-,1986-11-02,
22,Lauren Daigle,Person,US,Lafayette,-,-,1991-09-09,
23,Glass Animals,Group,GB,Oxford,2010-01-01,,-,-
24,Mitchell Tenpenny,Person,US,Nashville,-,-,1989-08-17,
25,[Disney],Other,US,Kansas City,-,-,1923-10-16,
26,Tommy James,Person,US,Dayton,-,-,1947-04-29,
27,Papa Roach,Group,US,Vacaville,1993,,-,-
28,The Hip Abduction,Group,None,None,None,None,-,-
29,Scotty McCreery,Person,US,None,-,-,1993-10-09,
30,The Wombats,Group,GB,Liverpool,2003,,-,-
31,Skylar Grey,Person,US,Mazomanie,-,-,1986-02-23,
32,Old Dominion,Group,US,Nashville,2007,,-,-
33,Mac Powell,Person,US,Clanton,-,-,1972-12-25,
34,The Elovaters,Group,None,Boston,2018,,-,-
35,Aimer,Person,JP,None,-,-,None,None
36,THE DRIVER ERA,Group,US,Los Angeles,2018-11-03,,-,-
37,No Vacation,Group,US,San Francisco,2015-02,,-,-
38,Paul McCartney,Person,GB,Walton,-,-,1942-06-18,
39,Chase Rice,Person,US,Asheville,-,-,1986-09-19,
40,DENM,Person,US,Santa Barbara,-,-,None,None
41,Saint Motel,Group,US,Los Angeles,2009,,-,-
42,Vance Joy,Person,AU,Melbourne,-,-,1987-12-01,
43,MercyMe,Group,US,None,1994,,-,-
44,Rob Zombie,Person,US,Haverhill,-,-,1965-01-12,
45,The White Stripes,Group,US,Detroit,1997-07-14,True,-,-
46,Weezer,Group,US,Los Angeles,1992-02-14,,-,-
47,Ryan Stevenson,Person,US,Bonanza,-,-,1979-01-21,
48,Florida Georgia Line,Group,US,Nashville,2010,True,-,-
49,Bee Gees,Group,GB,Redcliffe,1958,True,-,-
50,Friday Pilots Club,Group,US,Chicago,2017,,-,-
51,Surfer Girl,Group,None,None,None,None,-,-
52,Logan Mize,Person,US,Clearwater,-,-,None,None
53,for KING & COUNTRY,Group,US,Nashville,2007,,-,-
54,Jimmie Allen,Person,US,Milton,-,-,1986-06-18,
55,if i die in mississippi,Person,None,None,-,-,None,None
56,Luna Li,Person,CA,Toronto,-,-,1996-10-03,
57,Walker Hayes,Person,US,Mobile,-,-,1979-12-27,
58,Zac Brown Band,Group,US,Dahlonega,2000,,-,-
59,Volbeat,Group,DK,Copenhagen,2001-10,,-,-
60,Luke Bryan,Person,US,Leesburg,-,-,1976-07-17,
61,神聖かまってちゃん,Group,JP,Chiba,2007,,-,-
62,Brandi Carlile,Person,US,Ravensdale,-,-,1981-06-01,
63,Jeremy Camp,Person,US,Lafayette,-,-,1978-01-12,
64,Sanctus Real,Group,US,Toledo,1996,,-,-
65,Wine Lips,Group,None,None,None,None,-,-
66,Milky Chance,Group,DE,Kassel,2012,,-,-
67,Arcane,Person,GB,None,-,-,None,None
68,Sam Fender,Person,GB,North Shields,-,-,1994-04-25,
69,Olivia Newton‐John,Person,AU,Cambridge,-,-,1948-09-26,True
70,Josiah and the Bonnevilles,Person,None,None,-,-,None,None
71,Dylan Scott,Person,US,Bastrop,-,-,1990-10-22,
72,Houndmouth,Group,US,New Albany,2011,,-,-
73,Cole Swindell,Person,US,Glennville,-,-,1983-06-30,
74,grandson,Person,CA,Englewood,-,-,1993-10-25,
75,Santana,Group,US,San Francisco,1966,,-,-
76,Nathaniel Rateliff,Person,US,Hermann,-,-,1978-10-07,
77,Maná,Group,MX,Guadalajara,1986,,-,-
78,Danny Gokey,Person,US,Milwaukee,-,-,1980-04-24,
79,Fruit Bats,Group,US,Chicago,1997,,-,-
80,Colorblind,Group,DK,None,None,None,-,-
81,The Offspring,Group,US,Huntington Beach,1984,,-,-
82,Yonaka,Group,None,None,None,None,-,-
83,Tyler Booth,Person,US,Morehead,-,-,1996-12-15,
84,Bring Me the Horizon,Group,GB,Sheffield,2004-03,,-,-
85,Limp Bizkit,Group,US,Jacksonville,1994,,-,-
86,Los Fabulosos Cadillacs,Group,AR,Buenos Aires,1985-01-19,,-,-
87,Dead Poet Society,Group,None,Boston,2013,,-,-
88,Nickelback,Group,CA,Hanna,1995,,-,-
89,Kaleo,Group,IS,Mosfellsbær,2012-11-08,,-,-
90,Casting Crowns,Group,US,Daytona Beach,1999,,-,-
91,Hiss Golden Messenger,Group,US,Durham,2007,,-,-
92,Various Artists,Other,None,None,-,-,None,None
93,The War on Drugs,Group,US,Philadelphia,2005,,-,-
94,tobyMac,Person,US,Fairfax,-,-,1964-10-22,
95,Los Ángeles Negros,Group,CL,None,1968,,-,-
96,Official髭男dism,Group,JP,Shimane,2012-06-07,,-,-
97,Rhett Walker,Person,None,None,-,-,None,None
98,Sohodolls,Group,GB,None,2003,,-,-
99,Travis Denning,Person,US,Warner Robins,-,-,1992-12-01,
100,Tom Morello,Person,US,Manhattan,-,-,1964-05-30,
101,Maston,Person,None,None,-,-,1987-10-05,
102,Esteman,Person,CO,Bogotá,-,-,1984-05-04,
103,Tame Impala,Person,AU,Sydney,-,-,1986-01-20,
104,Passafire,Group,US,United States,2003-02,,-,-
105,Rebelution,Group,US,Isla Vista,2004,,-,-
106,Generación 12,Group,CO,Bogotá,2007,,-,-
107,Ben Rector,Person,US,Oklahoma City,-,-,1986-11-06,
108,Cody Jinks,Person,None,None,-,-,1980-08-18,
109,Hippo Campus,Group,US,Minneapolis,2013,,-,-
110,Arrested Youth,Person,US,None,-,-,None,None
111,Brantley Gilbert,Person,US,Jefferson,-,-,1985-01-20,
112,Starset,Group,US,Columbus,2013,,-,-
113,Robert Plant,Person,GB,West Bromwich,-,-,1948-08-20,
114,Inner Wave,Group,None,Los Angeles,2006-09-30,,-,-
115,RedHook,Group,AU,Sydney,2018-06-01,,-,-
116,YUNGBLUD,Person,None,Doncaster,-,-,1997-08-05,
117,The Rolling Stones,Group,GB,London,1962,,-,-
118,Bleachers,Group,US,Bergen County,2013,,-,-
119,Royal Blood,Group,GB,Worthing,2013-01,,-,-
120,Ozzy Osbourne,Person,None,Aston,-,-,1948-12-03,
121,Little Stranger,Group,None,None,None,None,-,-
122,Joey Valence,None,None,None,None,None,-,-
123,Shane & Shane,Group,US,Texas,2001,,-,-
124,The Blue Stones,Group,CA,Windsor,2011,,-,-
125,Wolf Alice,Group,GB,London,2010,,-,-
126,Manchester Orchestra,Group,US,Atlanta,2005,,-,-
127,We Came as Romans,Group,US,Troy,2005,,-,-
128,NEEDTOBREATHE,Group,US,Seneca,2000,,-,-
129,Dirty Heads,Group,US,Huntington Beach,1996,,-,-
130,Kairikibear,Person,None,None,-,-,None,None
131,Chevelle,Group,US,Grayslake,1994,,-,-
132,Iron Maiden,Group,GB,Leyton,1975-12-25,,-,-
133,Black Label Society,Group,US,Los Angeles,1998,,-,-
134,K.Flay,Person,US,Wilmette,-,-,1985-06-30,
135,Art Lown,None,None,None,-,-,None,None
136,Petey,Person,US,Royal Oak,-,-,1991-11-17,
137,Tyler Rich,Person,US,Yuba City,-,-,1986-02-24,
138,City of the Sun,Group,US,None,2010,,-,-
139,Wet Leg,Group,GB,Isle of Wight,2019,,-,-
140,Badflower,Group,None,None,2013,,-,-
141,Newsboys,Group,AU,Mooloolaba,1985,,-,-
142,Colton Dixon,Person,US,Murfreesboro,-,-,1991-10-19,
143,サイダーガール,Group,JP,Japan,2014-05,,-,-
144,Billy Idol,Person,GB,Stanmore,-,-,1955-11-30,
145,Mammoth WVH,Group,US,Los Angeles,2015,,-,-
146,Adam Jensen,Person,None,None,-,-,None,None
147,Fortunate Youth,Group,US,None,None,None,-,-
148,All Time Low,Group,US,Baltimore,2003,,-,-
149,The Who,Group,GB,London,1964-02,,-,-
150,Dayglow,Person,US,Aledo,-,-,1999-08-10,
151,Radiohead,Group,GB,Abingdon-on-Thames,1991,,-,-
152,The Goo Goo Dolls,Group,US,Buffalo,1986,,-,-
153,Drew Parker,Person,None,None,-,-,None,None
154,Mother Mother,Group,CA,Vancouver,2005,,-,-
155,Daughtry,Group,US,None,2006-07-10,,-,-
156,Kings of Leon,Group,US,Nashville,1999,,-,-
157,Rawayana,Group,VE,Caracas,2007,,-,-
158,The Green Pajamas,Group,US,Seattle,1984,,-,-
159,Dice,Group,None,Germany,None,None,-,-
160,MAN WITH A MISSION,Group,JP,Tokyo,2010-03-07,,-,-
161,John Hiatt,Person,US,Indianapolis,-,-,1952-08-20,
162,花冷え。,Group,JP,Tokyo,2015-06,,-,-
163,MJ Lenderman,Person,None,None,-,-,None,None
164,ピノキオピー,Person,JP,Saitama,-,-,None,None
165,Queen,Group,GB,London,1970-06-27,True,-,-
166,Michael Ray,Person,US,Eustis,-,-,1988-04-29,
167,James McMurtry,Person,US,Fort Worth,-,-,1962-03-18,
168,Dillon Carmichael,Person,US,Burgin,-,-,None,None
169,DREAMERS,Group,US,Manhattan,2014,,-,-
170,Vana Liya,Person,US,None,-,-,None,None
171,Jefferson Airplane,Group,US,San Francisco,1965,True,-,-
172,Francesca Battistelli,Person,US,New York,-,-,1985-05-18,
173,Harry Was Here,Person,US,United States,-,-,None,None
174,Courtney Barnett,Person,AU,Sydney,-,-,1987-11-03,
175,DECO*27,Person,JP,Fukuoka,-,-,1986-12-16,
176,Zoé,Group,MX,Cuernavaca,1997,,-,-
177,Old Mervs,None,None,None,None,None,-,-
178,Delta Sleep,Group,GB,None,2010-01,,-,-
179,Jane Remover,Person,None,Newark,-,-,2003-09-26,
180,Nirvana,Group,US,Aberdeen,1987,True,-,-
181,Ghost,Group,SE,Linköping,2008,,-,-
182,Noah Gundersen,Person,US,Olympia,-,-,1989-05-31,
183,Foo Fighters,Group,US,Seattle,1994,,-,-
184,IDLES,Group,GB,Bristol,2009,,-,-
185,Iration,Group,US,California,None,None,-,-
186,Of Monsters and Men,Group,IS,Keflavík,2010,,-,-
187,Rise Against,Group,US,Chicago,1999,,-,-
188,Fleet Foxes,Group,US,Seattle,2006,,-,-
189,The Red Pears,Group,None,None,None,None,-,-
190,Mastodon,Group,US,Atlanta,1999,,-,-
191,Fantastic Negrito,Person,None,Massachusetts,-,-,1968-01-20,
192,Stick Figure,Group,US,Duxbury,2006,,-,-
193,feeble little horse,Group,None,Pittsburgh,2021,,-,-
194,Brittany Howard,Person,None,Athens,-,-,1988-10-02,
195,La Oreja de Van Gogh,Group,ES,San Sebastián,1996,,-,-
196,U2,Group,IE,Dublin,1976,,-,-
197,Spiral Drive,Group,DE,Mannheim,2018,,-,-
198,The Beatles,Group,GB,Liverpool,1960,True,-,-
199,AWOLNATION,Group,US,Los Angeles,2009,,-,-
200,Royel Otis,Group,None,Sydney,None,None,-,-
201,Feuerschwanz,Group,DE,Erlangen,2004,,-,-
202,Nothing But Thieves,Group,GB,Southend-on-Sea,2012,,-,-
203,Sophie Powers,Person,None,None,-,-,None,None
204,MARETU,Person,JP,None,-,-,None,None
205,Ballyhoo!,Group,US,Aberdeen,1995,,-,-
206,Sharon Van Etten,Person,US,Clinton,-,-,1981-02-26,
207,Des Rocs,Person,US,None,-,-,None,None
208,Joe Samba,Person,None,None,-,-,None,None
209,Explosions in the Sky,Group,US,Austin,1999-07-04,,-,-
210,Walk off the Earth,Group,CA,Burlington,2006,,-,-
211,poptropicaslutz!,Group,None,None,None,None,-,-
212,cleopatrick,Group,CA,Cobourg,2015,,-,-
213,Airways,Group,None,Peterborough,2015-08-01,,-,-
214,cosMo@暴走P,Person,JP,None,-,-,1986-04-06,
215,INXS,Group,AU,Sydney,1977-08-16,True,-,-
216,ivri,None,None,None,None,None,-,-
217,Two Feet,Person,US,Manhattan,-,-,1993-06-20,
218,Adelitas Way,Group,US,Las Vegas,2006,,-,-
219,LiSA,Person,JP,Seki,-,-,1987-06-24,
220,The Cold Stares,Group,US,Nashville,2008,,-,-
221,Jon Langston,Person,US,Loganville,-,-,1991-04-07,
222,Britt Nicole,Person,US,None,-,-,1984-08-02,
223,Part Time,Group,None,None,None,None,-,-
224,Snail Mail,Person,US,Baltimore,-,-,1999-06-16,
225,Sufjan Stevens,Person,US,Detroit,-,-,1975-07-01,
226,Cold War Kids,Group,US,Fullerton,2004,,-,-
227,"Black Country, New Road",Group,GB,Cambridge,2018,,-,-
228,Linkin Park,Group,US,Agoura Hills,1996,,-,-
229,Nicholas Britell,Person,US,New York,-,-,1980-10-17,
230,Cultura Profética,Group,PR,San Juan,1996-05-16,,-,-
231,Rancid,Group,None,Albany,1991,,-,-
232,Chris Tomlin,Person,US,Grand Saline,-,-,1972-05-04,
233,フジファブリック,Group,JP,None,2000,,-,-
234,Local Natives,Group,US,Silver Lake,2003,,-,-
235,Through the Roots,Group,None,None,None,None,-,-
236,Green Day,Group,US,Berkeley,1989,,-,-
237,Korn,Group,US,Bakersfield,1993,,-,-
238,Iron Butterfly,Group,US,San Diego,1966,True,-,-
239,Guns N’ Roses,Group,US,Los Angeles,1985-03,,-,-
240,파란노을,Person,None,None,-,-,None,None
241,Death Cab for Cutie,Group,US,Bellingham,1997,,-,-
242,Renee,Person,AR,Argentina,-,-,1985,
243,Therapie TAXI,Group,None,Paris,2016-06,True,-,-
244,Ray Bull,Group,US,None,2020,,-,-
245,Natalia Jiménez,Person,ES,Madrid,-,-,1980-12-29,
246,Twiztid,Group,US,Detroit,1997,,-,-
247,lovelytheband,Group,US,West Hollywood,2016,,-,-
248,Johnny Cash,Person,US,Kingsland,-,-,1932-02-26,True
249,Jordan Feliz,Person,None,Clovis,-,-,1989-03-15,
250,Chris Lane,Person,None,North Carolina,-,-,1984-11-09,
251,Mitch Rossell,Person,US,Chattanooga,-,-,None,None
252,Ace of Hearts,Group,None,None,2020,,-,-
253,Dorothy,Group,US,Los Angeles,2013,,-,-
254,Fox Academy,Group,None,None,None,None,-,-
255,Melendi,Person,ES,Oviedo,-,-,1979-01-21,
256,Barry Gibb,Person,AU,Douglas,-,-,1946-09-01,
257,Foreign Air,Group,US,None,2015,,-,-
258,Bastille,Group,GB,London,2010,,-,-
259,Zayde Wølf,Person,None,None,-,-,1977-10-22,
260,Waxahatchee,Person,None,Birmingham,-,-,1989-01-04,
261,Dirty Honey,Group,US,Los Angeles,2017,,-,-
262,St. Vincent,Person,US,Tulsa,-,-,1982-09-28,
263,Adam Sanders,Person,US,None,-,-,None,None
264,Tigercub,Group,GB,Brighton,2011-12,,-,-
265,The Killers,Group,US,Las Vegas,2001,,-,-
266,Sleigh Bells,Group,US,Brooklyn,2008,,-,-
267,Quadeca,Person,None,Los Angeles,-,-,2000-10-02,
268,Dropkick Murphys,Group,US,Quincy,1996,,-,-
269,The Steel Woods,Group,US,Nashville,None,None,-,-
270,Soccer Mommy,Person,US,Zurich,-,-,1997-05-27,
271,Melvins,Group,US,Montesano,1983,,-,-
272,Strawberry Launch,Group,None,None,None,None,-,-
273,Slightly Stoopid,Group,US,San Diego,1995,,-,-
274,The Rions,Group,None,None,2016,,-,-
275,Good Morning,Group,None,Melbourne,2014,,-,-
276,Male Tears,Group,US,None,None,None,-,-
277,Modest Mouse,Group,None,Issaquah,1993,,-,-
278,Black Pistol Fire,Group,None,Toronto,None,None,-,-
279,NewDad,Group,None,Galway,2017,,-,-
280,The Score,Group,US,New York,2011,,-,-
281,Kero Kero Bonito,Group,GB,Bromley,2011,,-,-
282,Skillet,Group,US,Memphis,1996,,-,-
283,Natalia Lafourcade,Person,MX,Coatepec,-,-,1984-02-26,
284,Golden Earring,Group,NL,Den Haag,1961-09-02,True,-,-
285,Hollywood Undead,Group,US,Hollywood,2005,,-,-
286,The Bones of J.R. Jones,Person,None,None,-,-,None,None
287,X Ambassadors,Group,US,Brooklyn,2008-10-22,,-,-
288,The Luka State,Group,None,Winsford,2013,,-,-
289,Rod Stewart,Person,GB,Highgate,-,-,1945-01-10,
290,Black Stone Cherry,Group,US,Edmonton,2001-06-04,,-,-
291,The Wallflowers,Group,US,Los Angeles,1989,,-,-
292,Diana Ross,Person,US,Detroit,-,-,1944-03-26,
293,P.O.D.,Group,US,San Diego,1992,,-,-
294,David Bisbal,Person,ES,Almería,-,-,1979-06-05,
295,Kip Moore,Person,US,Tifton,-,-,1980-04-01,
296,Sensi,None,None,None,-,-,None,None
297,Don Broco,Group,GB,Bedford,2008,,-,-
298,Eve,Person,US,Philadelphia,-,-,1978-11-10,
299,Exodus,Group,US,Richmond,1979,,-,-
300,La Femme,Group,FR,Biarritz,2010,,-,-
301,The B‐52s,Group,US,Athens,1976-10,,-,-
302,alt‐J,Group,GB,Leeds,2007,,-,-
303,The Movement,Group,US,Columbia,2003,,-,-
304,Triumph,Group,CA,Mississauga,1975,,-,-
305,Dear Sunday,Group,AU,None,None,None,-,-
306,†††,Group,US,Los Angeles,2010,,-,-
307,Building 429,Group,US,Fayetteville,None,None,-,-
308,amazarashi,Group,JP,Mutsu,2007,,-,-
309,Foster the People,Group,US,Los Angeles,2009-10,,-,-
310,Neil Young,Person,CA,Toronto,-,-,1945-11-12,
311,The Script,Group,IE,Dublin,2001,,-,-
312,Joan Baez,Person,US,Staten Island,-,-,1941-01-09,
313,The Penguins,Group,US,Los Angeles,1954,True,-,-
314,Convictions,Group,None,None,2012,,-,-
315,The Terrys,Group,None,None,None,None,-,-
316,Micah Tyler,Person,US,Beaumont,-,-,1983-04-19,
317,ヒトリエ,Group,JP,Japan,2012,,-,-
318,Blackberry Smoke,Group,US,Atlanta,2000,,-,-
319,Flyte,Group,None,London,2013,,-,-
320,WALK THE MOON,Group,US,Cincinnati,2008-03-06,,-,-
321,The Black Keys,Group,US,Akron,2001,,-,-
322,My Little Airport,Group,HK,Hong Kong,2003,,-,-
323,Iya Terra,Group,None,Los Angeles,2013,,-,-
324,You Me at Six,Group,GB,Weybridge,2005-08,,-,-
325,The Voidz,Group,US,New York,2013,,-,-
326,Lin‐Manuel Miranda,Person,US,Manhattan,-,-,1980-01-16,
327,Voz Veis,Group,VE,Maracaibo,None,None,-,-
328,Gorillaz,Group,None,Essex,1999,,-,-
329,Del Shannon,Person,US,Grand Rapids,-,-,1934-12-30,True
330,ONE OK ROCK,Group,JP,Tokyo,2005-04,,-,-
331,Arkells,Group,CA,Hamilton,2006,,-,-
332,Tears for the Dying,Group,None,None,2004-08-01,,-,-
333,The Felice Brothers,Group,US,Palenville,2006,,-,-
334,Counting Crows,Group,US,Berkeley,1991,,-,-
335,Homayoun Shajarian,Person,IR,Tehran,-,-,1975-05-21,
336,Oasis,Group,GB,Manchester,1991,,-,-
337,Sublime,Group,None,Long Beach,1986,,-,-
338,Love and Death,Group,US,None,2012-02,,-,-
339,Los Auténticos Decadentes,Group,AR,None,1986,,-,-
340,Morgan Evans,Person,AU,Newcastle,-,-,1985-04-24,
341,The Record Company,Group,US,Los Angeles,2011,,-,-
342,Moon Taxi,Group,US,Vestavia Hills,2006,,-,-
343,Serú Girán,Group,AR,Buenos Aires,1978,True,-,-
344,Matthew West,Person,US,Downers Grove,-,-,1977-04-25,
345,Brett Eldredge,Person,US,Paris,-,-,1986-03-23,
346,Bones Owens,Person,None,None,-,-,None,None
347,Chris Janson,Person,US,Perryville,-,-,1986-04-02,
348,"Peter, Paul and Mary",Group,US,New York,1961,True,-,-
349,Car Seat Headrest,Group,None,Leesburg,2010,,-,-
350,Portugal. The Man,Group,US,Wasilla,2004,,-,-
351,EGOIST,Group,JP,Japan,2011,True,-,-
352,Egypt Central,Group,US,Memphis,2002,,-,-
353,Palaye Royale,Group,US,Las Vegas,2008,,-,-
354,Santiano,Group,DE,None,2011,,-,-
355,Brothers Osborne,Group,US,Anne Arundel County,2013,,-,-
356,Saltatio Mortis,Group,DE,Karlsruhe,2000,,-,-
357,Ries Brothers,Group,None,Clearwater,2005,,-,-
358,The Cleftones,Group,None,None,1955,,-,-
359,Jon Pardi,Person,US,Dixon,-,-,1985-05-20,
360,The 1975,Group,GB,Manchester,2002,,-,-
361,House of Pain,Group,US,New York,1990,True,-,-
362,Dustin Lynch,Person,US,Tullahoma,-,-,1985-05-14,
363,Tauren Wells,Person,US,Battle Creek,-,-,1986-04-07,
364,Midrift,Group,None,None,None,None,-,-
365,Depeche Mode,Group,GB,Basildon,1980-03,,-,-
366,Big Thief,Group,US,Brooklyn,2015,,-,-
367,SunKissed Lola,Group,None,None,2021,,-,-
368,quannnic,Person,None,None,-,-,None,None
369,Three Days Grace,Group,CA,Norwood,1997,,-,-
370,Eli Young Band,Group,US,None,2000,,-,-
371,Rachael Lampa,Person,US,Ann Arbor,-,-,1985-01-08,
372,Florence + the Machine,Group,GB,London,2007,,-,-
373,John Debney,Person,US,Glendale,-,-,1956-08-18,
374,Polyphia,Group,US,Plano,2010,,-,-
375,Hozier,Person,IE,Bray,-,-,1990-03-17,
376,The Lumineers,Group,US,Ramsey,2008-12-31,,-,-
377,Bear McCreary,Person,US,Fort Lauderdale,-,-,1979-02-17,
378,Russell Dickerson,Person,US,Nashville,-,-,1987-05-07,
379,Whiskey Myers,Group,US,Palestine,2005-04,,-,-
380,Dylan Schneider,Person,US,Terre Haute,-,-,1999-10-09,
381,Slipknot,Group,US,Des Moines,1995,,-,-
382,RADWIMPS,Group,JP,Yokohama,2001,,-,-
383,King Clave,Person,AR,Formosa,-,-,1944-02-14,
384,I Am They,Group,None,None,None,None,-,-
385,Dominic Fike,Person,None,Naples,-,-,1995-12-30,
386,Rend Collective,Group,None,Bangor,2004,,-,-
387,Fontaines D.C.,Group,IE,Dublin,2014,,-,-
388,Alvvays,Group,CA,Toronto,2011,,-,-
389,Journey,Group,US,San Francisco,1973,,-,-
390,My Chemical Romance,Group,US,Newark,2001-09-12,,-,-
391,Dan Bremnes,Person,CA,Kamloops,-,-,1983-05-11,
392,Brandon Heath,Person,US,Nashville,-,-,1978-07-21,
393,Red Hot Chili Peppers,Group,US,Los Angeles,1983,,-,-
394,Rammstein,Group,DE,Berlin,1994-01,,-,-
395,Yeah Yeah Yeahs,Group,US,New York,2000,,-,-
396,Level 42,Group,GB,Isle of Wight,1980,,-,-
397,Tropidelic,Group,US,Cleveland,None,None,-,-
398,Muse,Group,GB,Teignmouth,1994,,-,-
399,Metallica,Group,US,Los Angeles,1981-10-28,,-,-
400,Arctic Monkeys,Group,GB,High Green,2002,,-,-
401,Lady Gaga,Person,US,Upper East Side,-,-,1986-03-28,
402,BUMP OF CHICKEN,Group,JP,None,1994,,-,-
403,Quarters of Change,Group,None,None,None,None,-,-
404,Father John Misty,Person,US,Rockville,-,-,1981-05-03,
405,Coheed and Cambria,Group,US,Nyack,2001,,-,-
406,Alex G,Person,US,Havertown,-,-,1993-02-03,
407,Jerry Lee Lewis,Person,US,Ferriday,-,-,1935-09-29,True
408,Highly Suspect,Group,US,Massachusetts,2009,,-,-
409,Motion Picture Soundtrack,Group,GB,None,None,None,-,-
410,Chandler Moore,Person,None,Charleston,-,-,1995-03-21,
411,Bad Suns,Group,US,Woodland Hills,2012,,-,-
412,Drake White,Person,US,Hokes Bluff,-,-,1983-10-03,
413,Richy Mitch and the Coal Miners,Group,None,Colorado Springs,2015,,-,-
414,Arcy Drive,Group,None,None,None,None,-,-
415,Palace,Person,None,Louisville,-,-,1970-12-24,
416,The Unlikely Candidates,Group,US,Keller,2008,,-,-
417,Young the Giant,Group,US,Irvine,2004,,-,-
418,Matt Maher,Person,US,Newfoundland and Labrador,-,-,1974-11-10,
419,Pacific Roots,Group,None,None,None,None,-,-
420,Insane Clown Posse,Group,US,"Delray, Detroit",1991,,-,-
421,Andy Frasco,Person,None,California,-,-,None,None
422,KANA-BOON,Group,JP,Sakai,2006-12-17,,-,-
423,Jesse Roper,Person,CA,Canada,-,-,1982-03-20,
424,Siddhartha,Person,MX,Guadalajara,-,-,1990-08-25,
425,Tool,Group,US,Los Angeles,1990,,-,-
426,The Beths,Group,NZ,Auckland,2015,,-,-
427,Momma,Group,None,None,None,None,-,-
428,Bryce Fox,Person,None,None,-,-,None,None
429,HoneyWorks,Group,JP,None,2009,,-,-
430,TK,Person,JP,Machida,-,-,1982-12-23,
431,Marcus King,Person,US,Greenville,-,-,1996-03-11,
432,Stars Go Dim,None,None,None,-,-,None,None
433,Natalie Grant,Person,US,Seattle,-,-,1971-12-21,
434,Stephen Bishop,Person,US,San Diego,-,-,1951-11-14,
435,Megadeth,Group,US,Los Angeles,1983-06,,-,-
436,Barns Courtney,Person,GB,Aylesbury,-,-,1990-11-17,
437,Tedeschi Trucks Band,Group,US,Jacksonville,2010,,-,-
438,Beach House,Group,US,Baltimore,2004,,-,-
439,Lee Brice,Person,US,Sumter,-,-,1979-06-10,
440,Pixies,Group,US,Boston,1986,,-,-
441,The Poles,Group,KR,South Korea,2017,,-,-
442,Elvis Presley,Person,US,Tupelo,-,-,1935-01-08,True
443,Spoon,Group,US,Austin,1994,,-,-
444,Drugdealer,Group,None,None,None,None,-,-
445,Rebecca St. James,Person,US,Sydney,-,-,1977-07-26,
446,Brent Cobb,Person,US,Ellaville,-,-,1986-08-01,
447,Goodbye June,Group,None,Nashville,2005-06,,-,-
448,Mihali,Person,None,None,-,-,None,None
449,Jesús Adrián Romero,Person,MX,Hermosillo,-,-,1965-02-16,
450,The Happy Fits,Group,None,New Jersey,2016-04-20,,-,-
451,HEALTH,Group,US,Los Angeles,2005-04,,-,-
452,Bonnie Raitt,Person,US,Burbank,-,-,1949-11-08,
453,The Struts,Group,GB,Derby,2010,,-,-
454,Sigur Rós,Group,IS,Reykjavík,1994-01-04,,-,-
455,coldrain,Group,JP,Nagoya,2007,,-,-
456,Meredith Andrews,Person,US,None,-,-,None,None
457,Anile Dahl,Person,SE,Türkiye,-,-,None,None
458,black midi,Group,None,Croydon,2017,True,-,-
459,The Ghost Club,Group,None,None,2018,,-,-
460,Spacey Jane,Group,None,Perth,2016,,-,-
461,Rojo,Group,MX,Hermosillo,1999,,-,-
462,Bomba Estéreo,Group,CO,Bogotá,2005,,-,-
463,MASS OF THE FERMENTING DREGS,Group,JP,Kobe,2002,,-,-
464,The Del‐Vikings,Group,US,Pittsburgh,1955,True,-,-
465,Austin French,Person,None,None,-,-,1994-02-13,
466,UNISON SQUARE GARDEN,Group,JP,None,None,None,-,-
467,Fit for a King,Group,US,None,2007-09,,-,-
468,PELICAN FANCLUB,Group,JP,None,2012,,-,-
469,Motörhead,Group,GB,London,1975-06,True,-,-
470,Tom Petty and the Heartbreakers,Group,US,Gainesville,1976,True,-,-
471,Band of Horses,Group,US,Seattle,2004,,-,-
472,Nick Phoenix,Person,GB,London,-,-,1967,
473,Vulfpeck,Group,US,Ann Arbor,2011,,-,-
474,Bryan Adams,Person,CA,Kingston,-,-,1959-11-05,
475,Pink Floyd,Group,None,London,1965,True,-,-
476,The Beaches,Group,CA,Toronto,2010,,-,-
477,SUPER BEAVER,Group,JP,None,2005,,-,-
478,ZAQ,Person,JP,Aira,-,-,1988-03-16,
479,Wheeland Brothers,Group,None,None,None,None,-,-
480,Metric,Group,CA,Toronto,1998,,-,-
481,Osees,Group,US,San Francisco,1997,,-,-
482,PEOPLE 1,Group,None,Japan,2019,,-,-
483,Sayuri,None,None,None,None,None,-,-
484,Angel Olsen,Person,US,St. Louis,-,-,1987-01-22,
485,Lynyrd Skynyrd,Group,US,Jacksonville,1964,,-,-
486,Rum Jungle,Group,None,Newcastle,None,None,-,-
487,Skindred,Group,GB,Newport,1998,,-,-
488,Little River Band,Group,AU,Melbourne,1975,,-,-
489,Jack White,Person,US,Detroit,-,-,1975-07-09,
490,Robert Lester Folsom,Person,US,Georgia,-,-,1955-01-03,
491,Josh Wilson,Person,US,None,-,-,1981-02-26,
492,LCD Soundsystem,Group,US,New York,2001,,-,-
493,Beirut,Group,None,Santa Fe,2006,,-,-
494,Willie J Healey,Person,None,None,-,-,None,None
495,Foals,Group,GB,Oxford,2005,,-,-
496,Artikal Sound System,Group,None,Delray Beach,2012,,-,-
497,Franz Ferdinand,Group,GB,Glasgow,2001,,-,-
498,Jamestown Revival,Group,US,None,None,None,-,-
499,CMAT,Person,IE,County Meath,-,-,1996-02-23,
500,The National,Group,US,Brooklyn,1999,,-,-
501,Silverstein,Group,CA,Burlington,2000-06,,-,-
502,Stevie Nicks,Person,US,Phoenix,-,-,1948-05-26,
503,JAM Project,Group,JP,Japan,2000-07-19,,-,-
504,They Are Gutting a Body of Water,Group,US,Philadelphia,2016,,-,-
505,Def Leppard,Group,GB,Sheffield,1977,,-,-
506,Melody’s Echo Chamber,Group,FR,None,2012,,-,-
507,Two Door Cinema Club,Group,None,Bangor,2007,,-,-
508,aldrch,Person,None,Minneapolis,-,-,None,None
509,Animals as Leaders,Group,US,"Washington, D.C.",2007,,-,-
510,Bruce Springsteen,Person,US,Long Branch,-,-,1949-09-23,
511,Jimmy Eat World,Group,US,Mesa,1993,,-,-
512,The Backfires,Group,None,London,2018-10,,-,-
513,Cairokee,Group,EG,None,2003,,-,-
514,100 gecs,Group,US,St. Louis,2015,,-,-
515,Silversun Pickups,Group,US,Los Angeles,2002,,-,-
516,Dynazty,Group,SE,Stockholm,2007,,-,-
517,Bandalos Chinos,Group,AR,Buenos Aires,2009,,-,-
518,Missio,Group,US,Austin,2015,,-,-
519,Ward Davis,Person,US,None,-,-,None,None
520,Ocean Alley,Group,None,Sydney,2010-11,,-,-
521,MisterWives,Group,None,New York,2012,,-,-
522,Sidewalk Prophets,Group,None,Nashville,2003,,-,-
523,Mary Lou Lord,Person,US,Salem,-,-,1965-03-01,
524,Novelbright,Group,JP,None,None,None,-,-
525,Arcade Fire,Group,CA,Montréal,2001,,-,-
526,Mrs. GREEN APPLE,Group,JP,None,2013,,-,-
527,From Ashes to New,Group,US,Lancaster,2013-05-26,,-,-
528,Fitz and the Tantrums,Group,US,Los Angeles,2008,,-,-
529,Wheatus,Group,US,Northport,1995,,-,-
530,Arlie,Group,US,Nashville,2015,,-,-
531,Chat Pile,Group,None,Oklahoma City,2019,,-,-
532,Steven Curtis Chapman,Person,US,Paducah,-,-,1962-11-21,
533,Self Deception,Group,SE,Stockholm,2007-11-27,,-,-
534,The Smashing Pumpkins,Group,US,Chicago,1988,,-,-
535,Bishop Briggs,Person,GB,London,-,-,1992-07-18,
536,Ichika Nito,Person,JP,None,-,-,1994-07-07,
537,Essential Machine,Group,US,None,None,None,-,-
538,HIRIE,Person,None,None,-,-,None,None
539,Bush,Group,GB,London,1992,,-,-
540,Caloncho,Person,None,None,-,-,None,None
541,David Scarpeta,None,None,None,-,-,None,None
542,Glasslands,Group,None,None,2013,,-,-
543,Th3rd,None,None,None,None,None,-,-
544,Vundabar,Group,None,None,2012-06-18,,-,-
545,Daily J,Group,NZ,New Zealand,2017,,-,-
546,Kurt Vile,Person,US,Lansdowne,-,-,1980-01-03,
547,Future Islands,Group,US,Greenville,2006,,-,-
548,BABYMETAL,Group,JP,Tokyo,2010-11-28,,-,-
549,秋山黄色,Person,JP,Utsunomiya,-,-,1996-03-11,
550,Luke Winslow‐King,Person,US,Cadillac,-,-,1983-03-12,
551,The Deadbeat Cousins,Group,None,None,2017,,-,-
552,Smash Mouth,Group,US,San Jose,1994,,-,-
553,High Valley,Group,CA,La Crete,1997,,-,-
554,Sleep,Group,US,San Jose,1990,,-,-
555,Asian Glow,Person,None,Seoul,-,-,2001-06-14,
556,MY FIRST STORY,Group,JP,Shibuya,2011-08,,-,-
557,Linda Ronstadt,Person,US,Tucson,-,-,1946-07-15,
558,isaur,Person,US,Greenville,-,-,None,None
559,Tears for Fears,Group,GB,Bath,1981,,-,-
560,Queen Bee,Group,DE,None,1994,True,-,-
561,The Slaps,Group,None,Chicago,2017-01-01,,-,-
562,Karma to Burn,Group,US,Morgantown,1994,,-,-
563,Noah Kahan,Person,US,Strafford,-,-,1997-01-01,
564,Djo,Person,US,Newburyport,-,-,1992-04-24,
565,Sabrina Carpenter,Person,US,Bucks County,-,-,1999-05-11,
566,SZA,Person,US,St. Louis,-,-,1989-11-08,
567,d4vd,Person,US,Queens,-,-,2005-03-28,
568,Josh Meloy,Person,None,None,-,-,None,None
569,Harry Styles,Person,None,Redditch,-,-,1994-02-01,
570,Suki Waterhouse,Person,None,Hammersmith,-,-,1992-01-05,
571,Lil Durk,Person,US,Chicago,-,-,1992-10-19,
572,beabadoobee,Person,None,Iloilo City,-,-,2000-06-03,
573,Drake,Person,CA,Toronto,-,-,1986-10-24,
574,Lizzy McAlpine,Person,None,Philadelphia,-,-,1999-09-21,
575,JID,Person,US,Atlanta,-,-,1990-10-31,
576,Taylor Swift,Person,US,West Reading,-,-,1989-12-13,
577,Wyatt Flores,Person,None,None,-,-,None,None
578,Billie Eilish,Person,US,Los Angeles,-,-,2001-12-18,
579,David Guetta,Person,FR,Paris,-,-,1967-11-07,
580,Ernest Tubb,Person,US,Ellis County,-,-,1914-02-09,True
581,LECADE,Person,None,None,-,-,None,None
582,Omar Apollo,Person,US,Hobart,-,-,1997-05-20,
583,Lainey Wilson,Person,US,Baskin,-,-,1992-05-19,
584,Meghan Trainor,Person,US,Nantucket,-,-,1993-12-22,
585,Benson Boone,Person,US,Monroe,-,-,2002-06-25,
586,Tate McRae,Person,CA,Calgary,-,-,2003-07-01,
587,Post Malone,Person,US,Syracuse,-,-,1995-07-04,
588,Cults,Group,US,Manhattan,2010,,-,-
589,The Weeknd,Person,CA,Scarborough,-,-,1990-02-16,
590,JVKE,Person,US,Providence,-,-,2001-03-01,
591,Chance Peña,Person,US,Tyler,-,-,2000-02-18,
592,Conan Gray,Person,US,Lemon Grove,-,-,1998-12-05,
593,Feid,Person,CO,Medellín,-,-,1992-08-19,
594,Becky G,Person,US,Inglewood,-,-,1997-03-02,
595,Rema‐Rema,Group,GB,London,1979,True,-,-
596,Hotel Ugly,None,None,None,None,None,-,-
597,Joji,Person,US,Osaka,-,-,1992-09-18,
598,dhruv,Person,None,India,-,-,None,None
599,Sam Smith,Person,GB,London,-,-,1992-05-19,
600,Riley Green,Person,US,Jacksonville,-,-,1988-10-18,
601,Warren Zeiders,Person,None,None,-,-,None,None
602,Alok,Person,BR,Goiânia,-,-,1991-08-26,
603,Jack Harlow,Person,US,Louisville,-,-,1998-03-13,
604,Bryan Martin,Person,None,None,-,-,None,None
605,NewJeans,Group,KR,Seoul,2022-07-22,,-,-
606,Swedish House Mafia,Group,SE,Stockholm,2008,,-,-
607,Tory Lanez,Person,CA,Brampton,-,-,1992-07-27,
608,Doja Cat,Person,US,Tarzana,-,-,1995-10-21,
609,Beyoncé,Person,US,Houston,-,-,1981-09-04,
610,Ozuna,Person,PR,San Juan,-,-,1992-03-13,
611,Sean Paul,Person,JM,Kingston,-,-,1973-01-09,
612,Bizarrap,Person,AR,Argentina,-,-,1998,
613,Hailey Whitters,Person,US,Shueyville,-,-,1989-09-09,
614,ROSALÍA,Person,ES,Sant Esteve Sesrovires,-,-,1992-09-25,
615,Yuridia,Person,MX,Hermosillo,-,-,1986-10-04,
616,Ethel Cain,Person,US,Tallahassee,-,-,1998-03-24,
617,David Kushner,Person,US,None,-,-,None,None
618,Treaty Oak Revival,Group,US,None,None,None,-,-
619,Marshmello,Person,US,Philadelphia,-,-,1992-05-19,
620,Macabre Plaza,None,None,None,-,-,None,None
621,Riton,Person,GB,Newcastle upon Tyne,-,-,1978-09,
622,Jin Jin,None,None,None,-,-,None,None
623,Kylie Morgan,Person,US,None,-,-,None,None
624,Matt Hansen,Person,None,California,-,-,1985,
625,Shaboozey,Person,US,Fairfax,-,-,1995-05-09,
626,Connor Price,Person,None,Toronto,-,-,1994-11-11,
627,米津玄師,Person,JP,Tokushima,-,-,1991-03-10,
628,Alesso,Person,SE,Stockholm,-,-,1991-07-07,
629,Sadie Jean,Person,None,Tustin,-,-,2002-05-15,
630,Alec Benjamin,Person,US,Phoenix,-,-,1994-05-28,
631,Imanbek,Person,None,Kazakhstan,-,-,2000-10-21,
632,Manuel Turizo,Person,CO,Córdoba,-,-,2000-04-12,
633,Tyler Hubbard,Person,US,Monroe,-,-,1987-01-31,
634,mgk,Person,US,Houston,-,-,1990-04-22,
635,Pharrell Williams,Person,US,Virginia Beach,-,-,1973-04-05,
636,Megan Moroney,Person,US,Nashville,-,-,1996-12-16,
637,Dean Lewis,Person,AU,Sydney,-,-,1987-10-21,
638,Nicki Minaj,Person,US,Saint James,-,-,1982-12-08,
639,Ray LaMontagne,Person,US,Nashua,-,-,1973-06-18,
640,James Hype,Person,GB,None,-,-,1989,
641,Tiësto,Person,NL,Breda,-,-,1969-01-17,
642,orion sun,Person,None,None,-,-,1997-02-08,
643,PinkPantheress,Person,None,Bath,-,-,2001-04-19,
644,Dove Cameron,Person,US,Bainbridge Island,-,-,1996-01-15,
645,Rex Orange County,Person,None,Haslemere,-,-,1998-05-04,
646,Chri$tian Gate$,Person,US,None,-,-,None,None
647,charlieonnafriday,Person,US,None,-,-,None,None
648,Stray Kids,Group,KR,Seoul,2017-10-17,,-,-
649,Kyle Hume,Person,US,None,-,-,None,None
650,Russ,Person,US,Secaucus,-,-,1992-09-26,
651,Cigarettes After Sex,Group,US,El Paso,2008,,-,-
652,Lizzo,Person,US,Detroit,-,-,1988-04-27,
653,Memphis May Fire,Group,US,Denton,2006-12,,-,-
654,Felix Jaehn,Person,DE,Hamburg,-,-,1994-08-28,
655,Ryan Mack,Person,None,None,-,-,None,None
656,Nessa Barrett,Person,US,Atlantic County,-,-,2002-08-06,
657,Lil Wayne,Person,US,New Orleans,-,-,1982-09-27,
658,Nate Smith,Person,US,None,-,-,None,None
659,emei,Person,US,New Jersey,-,-,None,None
660,Charlie Puth,Person,US,Janesville,-,-,1991-12-02,
661,Leith Ross,Person,CA,None,-,-,None,None
662,LE SSERAFIM,Group,KR,Seoul,2022-03-28,,-,-
663,BTS,Group,KR,Seoul,2013-06-13,,-,-
664,Danny Ocean,Person,US,Caracas,-,-,1992,
665,Vwillz,Person,None,None,-,-,None,None
666,Chandler Leighton,Person,None,Los Angeles,-,-,1995-09-05,
667,BLACKPINK,Group,KR,Seoul,2016-08-08,,-,-
668,Matt Schuster,Person,None,Illinois,-,-,None,None
669,Suburban Tribe,Group,FI,Finland,1991,True,-,-
670,Nathan Dawe,Person,GB,Burton upon Trent,-,-,1994-05-25,
671,Gucci Mane,Person,US,Bessemer,-,-,1980-02-12,
672,MUNA,Group,US,Los Angeles,2013,,-,-
673,Koe Wetzel,Person,US,Pittsburg,-,-,1992-07-14,
674,RAYE,Person,GB,Tooting,-,-,1997-10-24,
675,NAYEON,Person,KR,Seoul,-,-,1995-09-22,
676,Mau y Ricky,Group,VE,None,None,None,-,-
677,Rauw Alejandro,Person,PR,San Juan,-,-,1993-01-10,
678,Genevieve Stokes,Person,US,None,-,-,None,None
679,girl in red,Person,NO,Horten,-,-,1999-02-16,
680,Sebastián Yatra,Person,CO,Medellín,-,-,1994-10-15,
681,IVE,Group,KR,Seoul,2021-11-01,,-,-
682,Paris Paloma,Person,GB,Ashbourne,-,-,None,None
683,VOILÀ,Group,US,Los Angeles,2018-01-12,,-,-
684,Jeremih,Person,US,Chicago,-,-,1987-07-17,
685,Shawn Mendes,Person,CA,Pickering,-,-,1998-08-08,
686,Dylan Conrique,Person,None,Gilroy,-,-,2004-04-13,
687,ENHYPEN,Group,KR,Seoul,2020-09-18,,-,-
688,Kid Cudi,Person,US,Cleveland,-,-,1984-01-30,
689,Corey Kent,Person,US,None,-,-,None,None
690,Romeo Santos,Person,US,The Bronx,-,-,1981-07-21,
691,Zach Top,Person,None,None,-,-,1996,
692,Alicia Keys,Person,US,Manhattan,-,-,1981-01-25,
693,Stephen Dawes,Person,US,None,-,-,None,None
694,Jackson Dean,Person,US,Odenton,-,-,None,None
695,Megan Thee Stallion,Person,US,San Antonio,-,-,1995-02-15,
696,George Ezra,Person,GB,Bristol,-,-,1993-06-07,
697,Camila Cabello,Person,US,Cojímar,-,-,1997-03-03,
698,Bailey Zimmerman,Person,US,None,-,-,None,None
699,DaBaby,Person,US,Cleveland,-,-,1991-12-22,
700,Charli xcx,Person,None,Cambridge,-,-,1992-08-02,
701,Josh Ross,Person,None,None,-,-,None,None
702,(G)I‐DLE,Group,KR,Seoul,2018-05-02,,-,-
703,Hueston,None,None,None,None,None,-,-
704,Jax Jones,Person,GB,London,-,-,1987-07-25,
705,Lauren Spencer Smith,Person,CA,Portsmouth,-,-,2003-09-28,
706,Alex Warren,Person,None,Carlsbad,-,-,2000-09-18,
707,Jay Webb,Person,None,None,-,-,None,None
708,A Day to Remember,Group,US,Ocala,2003-06,,-,-
709,Sarz,Person,NG,Edo,-,-,1989-03-17,
710,Diddy,Person,US,Harlem,-,-,1969-11-04,
711,Vince Guaraldi,Person,US,San Francisco,-,-,1928-07-17,True
712,Matisse,Group,MX,None,None,None,-,-
713,Wild Rivers,Group,None,Kingston,2016,,-,-
714,AURORA,Person,NO,Stavanger,-,-,1996-06-15,
715,Jax Jones,Person,GB,London,-,-,1987-07-25,
716,SEVENTEEN,Group,KR,Seoul,2015-05-26,,-,-
717,Chase McDaniel,None,None,None,None,None,-,-
718,Parker McCollum,Person,US,Conroe,-,-,1992-06-15,
719,mazie,Person,None,None,-,-,None,None
720,Kameron Marlowe,Person,US,Kannapolis,-,-,1997,
721,Stellar*,Group,NZ,Auckland,1994,,-,-
722,Tyga,Person,US,Compton,-,-,1989-11-19,
723,Kim Petras,Person,US,Köln,-,-,1992-08-27,
724,Dreamville,Group,US,None,2007,,-,-
725,Kate Bollinger,Person,US,Charlottesville,-,-,None,None
726,Sean Stemaly,Person,None,None,-,-,None,None
727,Hailee Steinfeld,Person,US,Los Angeles,-,-,1996-12-11,
728,Tom Odell,Person,GB,Chichester,-,-,1990-11-24,
729,TWICE,Group,KR,Seoul,2015-07-07,,-,-
730,Jamie Miller,Person,US,Wales,-,-,1997-09-09,
731,salem ilese,Person,None,None,-,-,None,None
732,Burna Boy,Person,NG,Port Harcourt,-,-,1991-07-02,
733,Shakira,Person,CO,Barranquilla,-,-,1977-02-02,
734,Conner Smith,Person,US,Nashville,-,-,2000-09-16,
735,ATEEZ,Group,KR,Seoul,2018-10-24,,-,-
736,The Red Clay Strays,Group,None,Mobile,None,None,-,-
737,Ian Munsick,Person,None,None,-,-,None,None
738,Ado,Person,JP,Tokyo,-,-,2002-10-24,
739,Diplo,Person,US,Tupelo,-,-,1978-11-10,
740,Piso 21,Group,CO,None,None,None,-,-
741,Moto Bandit,Group,US,Nashville,None,None,-,-
742,Sam Barber,Person,None,None,-,-,None,None
743,Creepy Nuts,Group,JP,None,None,None,-,-
744,Nelly,Person,US,Austin,-,-,1974-11-02,
745,Tokyo Tea Room,Group,None,None,2014,,-,-
746,Stand Atlantic,Group,AU,Sydney,2015,,-,-
747,林ゆうき,Person,JP,Kyoto,-,-,1980-12-31,
748,TOMORROW X TOGETHER,Group,KR,Seoul,2019-01-10,,-,-
749,Ski Mask the Slump God,Person,US,Fort Lauderdale,-,-,1996-04-18,
750,藤井風,Person,JP,Satoshō,-,-,1997-06-14,
751,Muscadine Bloodline,Group,None,None,None,None,-,-
752,Izzamuzzic,Person,KZ,None,-,-,None,None
753,Loud Luxury,Group,CA,London,2012,,-,-
754,Fireboy DML,Person,None,Ogun,-,-,1996-02-05,
755,Shwayze,Person,US,Malibu,-,-,1985-05-29,
756,MEDUZA,Group,IT,Milano,None,None,-,-
757,Ashley Cooke,Person,US,Parkland,-,-,None,None
758,The Maine,Group,US,Tempe,2007-01-21,,-,-
759,Porter Robinson,Person,US,Chapel Hill,-,-,1992-07-15,
760,Huey Mack,Person,US,Morgantown,-,-,1991-12-16,
761,NMIXX,Group,KR,Seoul,2021-05-18,,-,-
762,Kidd G,None,None,None,None,None,-,-
763,Anitta,Person,BR,Rio de Janeiro,-,-,1993-03-30,
764,Río Roma,Group,MX,None,None,None,-,-
765,Ofenbach,Group,FR,Paris,2014,,-,-
766,Chase Matthew,Person,US,Michigan,-,-,2002-11-25,
767,Punctual,Group,GB,None,None,None,-,-
768,Cordae,Person,US,Raleigh,-,-,1997-08-26,
769,Kany García,Person,PR,Toa Baja,-,-,1982-09-25,
770,Jung Kook,Person,KR,Busan,-,-,1997-09-01,
771,Oxlade,Person,GB,Nigeria,-,-,1997-04-27,
772,Only the Family,Group,None,None,None,None,-,-
773,Akon,Person,SN,St. Louis,-,-,1973-04-16,
774,Maya Hawke,Person,US,New York,-,-,1998-07-08,
775,Lana Del Rey,Person,US,Manhattan,-,-,1985-06-21,
776,imase,Person,JP,Gifu,-,-,2000-11-09,
777,Oliver Heldens,Person,NL,Rotterdam,-,-,1995-02-01,
778,Suriel Hess,Person,US,None,-,-,None,None
779,Graham Preskett,Person,GB,None,-,-,None,None
780,PALASTIC,Group,AT,None,None,None,-,-
781,Logan Michael,Person,US,United States,-,-,2001-06-02,
782,Searows,Person,None,None,-,-,None,None
783,Kevin Gates,Person,US,New Orleans,-,-,1986-02-05,
784,Dawid Podsiadło,Person,PL,Dąbrowa Górnicza,-,-,1993-05-23,
785,Halsey,Person,US,Washington,-,-,1994-09-29,
786,Bibi Blocksberg,Character,DE,None,-,-,1980,
787,Maggie Rogers,Person,US,Easton,-,-,1994-04-25,
788,Wolfgang Amadeus Mozart,Person,AT,Salzburg,-,-,1756-01-27,True
789,Rihanna,Person,US,Saint Michael,-,-,1988-02-20,
790,Jessie Reyez,Person,CA,Toronto,-,-,1991-06-12,
791,B.I,Person,KR,Cheonan,-,-,1996-10-22,
792,星野源,Person,JP,Saitama,-,-,1981-01-28,
793,j‐hope,Person,KR,Gwangju,-,-,1994-02-18,
794,Futuristic,Person,US,None,-,-,None,None
795,Nicky Youre,Person,US,Anaheim,-,-,1999-06-04,
796,Ella Langley,Person,None,None,-,-,None,None
797,Carter Faith,Person,US,Davidson,-,-,None,None
798,ILLENIUM,Person,US,Chicago,-,-,1990-12-26,
799,Shaylen,Person,US,Chattanooga,-,-,None,None
800,P!nk,Person,US,Doylestown,-,-,1979-09-08,
801,Avril Lavigne,Person,CA,Belleville,-,-,1984-09-27,
802,Ed Sheeran,Person,GB,Halifax,-,-,1991-02-17,
803,DJ Khaled,Person,US,New Orleans,-,-,1975-11-26,
804,Khalid,Person,US,Fort Stewart,-,-,1998-02-11,
805,Zach Hood,Person,None,None,-,-,None,None
806,Lykke Li,Person,SE,Ystad,-,-,1986-03-18,
807,Arden Jones,None,None,None,-,-,None,None
808,Jacquees,Person,US,Atlanta,-,-,1994-04-15,
809,The Chainsmokers,Group,US,New York,2012,,-,-
810,Kygo,Person,NO,Singapore,-,-,1991-09-11,
811,Nic D,Person,US,None,-,-,None,None
812,Asake,Person,NG,Lagos,-,-,1995-01-13,
813,Remi Wolf,Person,US,Palo Alto,-,-,1996-02-02,
814,Men I Trust,Group,CA,Montréal,2014-02-06,,-,-
815,Lauv,Person,US,San Francisco,-,-,1994-08-08,
816,Pheelz,Person,None,Lagos,-,-,1994-06-05,
817,Red Velvet,Group,KR,Seoul,2014-08-01,,-,-
818,sammy rash,None,None,None,None,None,-,-
819,Mad Tsai,Person,None,Florida,-,-,2002-07-13,
820,John Legend,Person,US,Springfield,-,-,1978-12-28,
821,aespa,Group,KR,Seoul,2020-10-25,,-,-
822,benny blanco,Person,US,Reston,-,-,1988-03-08,
823,Still Woozy,Person,US,Oakland,-,-,1992-06-23,
824,Ellie Goulding,Person,GB,Hereford,-,-,1986-12-30,
825,TX2,Person,None,None,-,-,None,None
826,Patty Loveless,Person,US,Pikeville,-,-,1957-01-04,
827,blackbear,Person,US,Daytona Beach,-,-,1990-11-27,
828,Jonas Blue,Person,GB,London,-,-,1989-08-02,
829,almost monday,Group,None,None,None,None,-,-
830,Flo Rida,Person,US,Carol City,-,-,1979-09-16,
831,deadmau5,Person,CA,Niagara Falls,-,-,1981-01-05,
832,Phoebe Bridgers,Person,US,Pasadena,-,-,1994-08-17,
833,Justin Bieber,Person,CA,London,-,-,1994-03-01,
834,ROLE MODEL,Person,US,None,-,-,1997-05-15,
835,Morat,Group,CO,Bogotá,2015,,-,-
836,Andy Grammer,Person,US,Los Angeles,-,-,1983-12-03,
837,YG,Person,US,Compton,-,-,1990-03-09,
838,elijah woods,Person,CA,None,-,-,None,None
839,Paul McCartney,Person,GB,Walton,-,-,1942-06-18,
840,Kyle Clark,Person,None,None,-,-,None,None
841,fromis_9,Group,KR,Seoul,2017-09-29,,-,-
842,DJ Noiz,Person,None,None,-,-,None,None
843,Rachel Chinouriri,Person,GB,Kingston upon Thames,-,-,1998-11-01,
844,Julia Cole,None,None,None,-,-,None,None
845,Vansire,Group,None,None,None,None,-,-
846,Cooper Alan,Person,None,North Carolina,-,-,None,None
847,David Gamper,Person,US,None,-,-,None,None
848,Ricky Montgomery,Person,None,Los Angeles,-,-,1993-04-03,
849,Chappell Roan,Person,US,Willard,-,-,1998-02-19,
850,Kenia Os,Person,MX,Mazatlan,-,-,1999-07-15,
851,Sia,Person,AU,Adelaide,-,-,1975-12-18,
852,Bayanni,Person,NG,Nigeria,-,-,1997-06-25,
853,Ingrid Andress,Person,US,Southfield,-,-,1991-09-21,
854,Sam Short,Person,None,None,-,-,None,None
855,Eyedress,Person,PH,Manila,-,-,1990-05-28,
856,Pusha T,Person,US,The Bronx,-,-,1977-05-14,
857,Bazzi,Person,US,Dearborn,-,-,1997-08-28,
858,Abby Sage,Person,None,None,-,-,None,None
859,Daniel Seavey,Person,US,Portland,-,-,1999-04-02,
860,Tove Lo,Person,SE,Stockholm,-,-,1987-10-29,
861,Magnolia Park,Group,US,Orlando,None,None,-,-
862,Selena Gomez,Person,US,Grand Prairie,-,-,1992-07-22,
863,Joel Sunny,Person,None,None,-,-,None,None
864,Bella Poarch,Person,US,Pangasinan,-,-,1997-02-08,
865,Jet Trouble,None,None,None,-,-,None,None
866,Justine Skye,Person,None,Brooklyn,-,-,1995-08-24,
867,5 Seconds of Summer,Group,AU,Sydney,2011,,-,-
868,ITZY,Group,KR,Seoul,2019-01-20,,-,-
869,STAYC,Group,KR,Seoul,2020-10-11,,-,-
870,Ruger,Person,NG,Nigeria,-,-,1999-08-23,
871,Jordan Maron,Person,US,Los Angeles,-,-,1992-02-10,
872,WORSHIP,None,None,None,-,-,None,None
873,Natalie Jane,Person,None,None,-,-,None,None
874,Calvin Harris,Person,None,Dumfries,-,-,1984-01-17,
875,MK,Person,US,Detroit,-,-,1972-08-03,
876,Seven Lions,Person,US,Santa Barbara,-,-,1987-03-31,
877,Cuco,Person,US,Inglewood,-,-,1998-06-26,
878,FKA twigs,Person,None,Cheltenham,-,-,1988-01-16,
879,Sofía Reyes,Person,MX,Monterrey,-,-,1995-09-25,
880,Frankie Cosmos,Group,US,New York,2009,,-,-
881,Graham Barham,None,None,None,None,None,-,-
882,Natori Blue,Person,None,None,-,-,None,None
883,Zedd,Person,DE,Saratov,-,-,1989-09-02,
884,Martin Garrix,Person,NL,Amstelveen,-,-,1996-05-15,
885,Will Linley,Person,None,Cape Town,-,-,None,None
886,ロクデナシ,None,JP,None,-,-,None,None
887,quinnie,Person,None,None,-,-,2001-05-17,
888,Kelly Clarkson,Person,US,Fort Worth,-,-,1982-04-24,
889,NCT DREAM,Group,KR,Seoul,2016-08-24,,-,-
890,NOTD,Group,SE,Stockholm,2017,,-,-
891,FLETCHER,Person,US,Asbury Park,-,-,1994-03-19,
892,AP Dhillon,Person,CA,None,-,-,None,None
893,mxmtoon,Person,US,Oakland,-,-,2000-07-09,
894,TAEYEON,Person,KR,Jeonju,-,-,1989-03-09,
895,Jonah Kagen,Person,None,None,-,-,None,None
896,Maisie Peters,Person,GB,Steyning,-,-,2000-05-28,
897,Tai Verdes,Person,US,Los Angeles,-,-,1995-12-06,
898,The Ballroom Thieves,Group,None,None,None,None,-,-
899,Stephen King,Person,US,Portland,-,-,1947-09-21,
900,The Game,Person,US,Los Angeles,-,-,1979-11-27,
901,James Arthur,Person,GB,Middlesbrough,-,-,1988-03-02,
902,Huddy,Person,US,Stockton,-,-,2002-05-15,
903,The Aints,Group,None,Sydney,1991,True,-,-
904,David Morris,Person,None,None,-,-,None,None
905,XG,Group,KR,Tokyo,2022-01-25,,-,-
906,Kungs,Person,FR,Aix-en-Provence,-,-,1996-12-17,
907,TREASURE,Group,KR,Seoul,2019-01-28,,-,-
908,Drew Green,Person,US,McMinnville,-,-,None,None
909,Redferrin,Person,None,White House,-,-,None,None
910,Queen Naija,Person,US,Detroit,-,-,1995-10-17,
911,Topic,Person,DE,Solingen,-,-,1992-03-23,
912,Avvy Sra,Person,None,None,-,-,None,None
913,Dexys Midnight Runners,Group,GB,Birmingham,1978,,-,-
914,SEULGI,Person,KR,Suwon,-,-,1994-02-10,
915,Shae Gill,Person,PK,None,-,-,None,None
916,Diljit Dosanjh,Person,IN,Punjab,-,-,1984-01-06,
917,Maggie Lindemann,Person,US,Dallas,-,-,1998-07-21,
918,Audien,Person,US,New London,-,-,1992-01-11,
919,Movements,Group,None,None,2015,,-,-
920,Prince Royce,Person,US,New York,-,-,1989-05-11,
921,周杰倫,Person,None,New Taipei City,-,-,1979-01-18,
922,Troy Cartwright,Person,None,None,-,-,None,None
923,Sofia Carson,Person,US,Fort Lauderdale,-,-,1993-04-10,
924,Grimes,Person,CA,Vancouver,-,-,1988-03-17,
925,Jimin,Person,KR,Busan,-,-,1995-10-13,
926,Aditya Rikhari,None,None,None,-,-,None,None
927,Amos Lee,Person,US,Philadelphia,-,-,1977-06-22,
928,Restless Road,Group,None,None,None,None,-,-
929,Wizkid,Person,NG,Lagos,-,-,1990-07-16,
930,Johann Sebastian Bach,Person,DE,Eisenach,-,-,1685-03-21,True
931,Kali Uchis,Person,US,Alexandria,-,-,1994-07-17,
932,Jordana,Person,None,"Washington, D.C.",-,-,2000-06-22,
933,Olivia Rodrigo,Person,US,Murrieta,-,-,2003-02-20,
934,Jelly Roll,Person,None,Antioch,-,-,1984-12-04,
935,Cody Johnson,Person,US,None,-,-,1987-05-21,
936,24kGoldn,Person,US,San Francisco,-,-,2000-11-13,
937,Adele,Person,GB,Tottenham,-,-,1988-05-05,
938,The Marías,Group,None,Los Angeles,2016,,-,-
939,Faye Webster,Person,None,None,-,-,None,None
940,Bruno Mars,Person,US,Honolulu,-,-,1985-10-08,
941,Migos,Group,US,Lawrenceville,2008,True,-,-
942,Clairo,Person,US,Atlanta,-,-,1998-08-18,
943,Del Water Gap,Person,US,None,-,-,2011,
944,Maroon 5,Group,US,Los Angeles,2002,,-,-
945,Colby Acuff,Person,US,Coeur d'Alene,-,-,None,None
946,Matt Maltese,Person,GB,Reading,-,-,1995-10-06,
947,DJ Snake,Person,FR,Paris,-,-,1986-06-13,
948,Tems,Person,NG,Lagos,-,-,1995-06-11,
949,Gigi Perez,Person,None,New Jersey,-,-,None,None
950,Aventura,Group,US,The Bronx,1994,,-,-
951,Amaarae,Person,GH,None,-,-,1994-07-04,
952,Young Stoner Life,Group,None,None,None,None,-,-
953,JP Saxe,Person,CA,Toronto,-,-,1994-03-23,
954,Marc Seguí,Person,ES,Mallorca,-,-,1998,
955,Magdalena Bay,Group,US,Los Angeles,2016,,-,-
956,Chayce Beckham,Person,US,None,-,-,None,None
957,Tones and I,Person,AU,Shire of Mornington Peninsula,-,-,1998-05-13,
958,Joyner Lucas,Person,US,Worcester,-,-,1988-08-17,
959,LiSA,Person,JP,Seki,-,-,1987-06-24,
960,ACRAZE,Person,US,None,-,-,None,None
961,Larry Fleet,Person,US,None,-,-,None,None
962,D.O.D,Person,None,None,-,-,1995-04-05,
963,Crystal Gayle,Person,US,Indiana,-,-,1951-01-09,
964,Regard,Person,None,None,-,-,1993,
965,Don Diablo,Person,NL,Coevorden,-,-,1980-02-27,
966,Lagos,Person,DE,None,-,-,None,None
967,Holding Absence,Group,GB,Cardiff,2016-08-01,,-,-
968,Jervis Campbell,Person,US,None,-,-,None,None
969,Lost Frequencies,Person,BE,Brussels,-,-,1993-11-30,
970,Nancy Sinatra,Person,US,Jersey City,-,-,1940-06-08,
971,Madison Beer,Person,US,Nassau County,-,-,1999-03-05,
972,Coldplay,Group,GB,London,1996-09,,-,-
973,YEBBA,Person,US,Arkansas,-,-,1995-01-16,
974,DDG,Person,None,Pontiac,-,-,1997-10-10,
975,Tainy,Person,PR,San Juan,-,-,1989-08-09,
976,Hayden Coffman,Person,None,Knoxville,-,-,None,None
977,NF,Person,US,Gladwin,-,-,1991-03-30,
978,Troye Sivan,Person,AU,Johannesburg,-,-,1995-06-05,
979,WILLOW,Person,US,Los Angeles,-,-,2000-10-31,
980,Morgan Wade,Person,US,None,-,-,1995,
981,Joel Corry,Person,None,London,-,-,1989-06-10,
982,Mike Oldfield,Person,GB,Reading,-,-,1953-05-15,
983,Camilo Sesto,Person,ES,Alcoi,-,-,1946-09-16,True
984,ROSÉ,Person,KR,Auckland,-,-,1997-02-11,
985,Internet Money,Group,None,None,None,None,-,-
986,Becky Hill,Person,GB,Bewdley,-,-,1994-02-14,
987,Dua Lipa,Person,None,London,-,-,1995-08-22,
988,Videoclub,Group,FR,Nantes,2018,True,-,-
989,YOASOBI,Group,JP,None,2019-09-30,,-,-
990,Manuel Medrano,Person,CO,Cartagena,-,-,1987-10-29,
991,Hot Mulligan,Group,None,None,None,None,-,-
992,Jenna Raine,Person,None,None,-,-,None,None
993,Zzoilo,Person,ES,Valencia,-,-,2000-06-29,
994,Ariana Grande,Person,US,Boca Raton,-,-,1993-06-26,
995,wave to earth,Group,KR,Seoul,2019,,-,-
996,The Paper Kites,Group,AU,None,2010,,-,-
997,vaultboy,Person,None,None,-,-,None,None
998,MARINA,Person,None,Brynmawr,-,-,1985-10-10,
999,Jazmine Sullivan,Person,US,Philadelphia,-,-,1987-04-09,
1000,Gatlin,Person,None,None,-,-,None,None
1001,Ginger Root,Person,None,None,-,-,None,None
1002,IU,Person,KR,Seoul,-,-,1993-05-16,
1003,T‐Pain,Person,US,Tallahassee,-,-,1985-09-30,
1004,Tech N9ne,Person,US,Kansas City,-,-,1971-11-08,
1005,GIRLI,Person,GB,None,-,-,None,None
1006,Jessie Murph,Person,None,United States,-,-,2004-09-22,
1007,jxdn,Person,US,Texas,-,-,2001-02-08,
1008,Bea Miller,Person,US,Maplewood,-,-,1999-02-07,
1009,Avery Anna,Person,US,None,-,-,None,None
1010,Talk Talk,Group,GB,London,1981,True,-,-
1011,Galantis,Group,SE,Stockholm,2012-03-01,,-,-
1012,Elvie Shane,Person,None,None,-,-,None,None
1013,Lostboycrow,Person,None,None,-,-,None,None
1014,Why Don’t We,Group,US,None,2016-09-27,,-,-
1015,Royal Philharmonic Orchestra,Orchestra,GB,London,-,-,1946,
1016,Charles Wesley Godwin,Person,None,None,-,-,None,None
1017,Bryce Vine,Person,US,New York,-,-,1988-06-16,
1018,Maluma,Person,CO,Medellín,-,-,1994-01-28,
1019,young friend,Person,CA,Vancouver,-,-,None,None
1020,Sarah Kinsley,Person,US,None,-,-,None,None
1021,The Oozes,Group,None,None,None,None,-,-
1022,Morray,Person,None,None,-,-,None,None
1023,Drew Baldridge,Person,US,None,-,-,None,None
1024,Of Mice & Men,Group,US,Columbus,2009,,-,-
1025,Zara Larsson,Person,SE,Solna municipality,-,-,1997-12-16,
1026,Hiatus Kaiyote,Group,AU,Melbourne,2011,,-,-
1027,Claire Rosinkranz,Person,US,California,-,-,2004-01-02,
1028,KSI,Person,GB,Watford,-,-,1993-06-19,
1029,Aluna,Person,GB,Wales,-,-,1988-07-02,
1030,Meek Mill,Person,US,Philadelphia,-,-,1987-05-06,
1031,Whitney Houston,Person,US,Newark,-,-,1963-08-09,True
1032,HIXTAPE,Group,US,None,None,None,-,-
1033,The Home Team,Group,US,None,2013,,-,-
1034,Jason Derulo,Person,US,Miami,-,-,1989-09-21,
1035,Jessi Uribe,Person,CO,Bucaramanga,-,-,1987-03-22,
1036,Gavin Adcock,None,None,None,-,-,None,None
1037,Yoke Lore,Person,US,None,-,-,None,None
1038,Sam Grow,Person,US,None,-,-,None,None
1039,chloe moriondo,Person,None,Detroit,-,-,2002-09-29,
1040,St. Lundi,Person,GB,None,-,-,None,None
1041,Lucy Dacus,Person,US,Richmond,-,-,1995-05-02,
1042,Lorde,Person,NZ,Takapuna,-,-,1996-11-07,
1043,Ruth B.,Person,CA,Edmonton,-,-,1995-07-02,
1044,Babyboy,Group,DE,None,2000,True,-,-
1045,Normani,Person,US,Atlanta,-,-,1996-05-31,
1046,Madonna,Person,US,Bay City,-,-,1958-08-16,
1047,LANY,Group,US,Nashville,2014,,-,-
1048,Caleb Hearn,Person,None,None,-,-,None,None
1049,Quinn XCII,Person,US,Michigan,-,-,1992-05-06,
1050,Capella Grey,Person,None,New York,-,-,1995-08-02,
1051,Mackenzy Mackay,Person,GB,None,-,-,None,None
1052,BAEKHYUN,Person,KR,Bucheon,-,-,1992-05-06,
1053,Sech,Person,PA,Colón,-,-,1993-12-03,
1054,Astrid S,Person,NO,Rennebu,-,-,1996-10-29,
1055,Arrows in Action,Group,None,Gainesville,2013,,-,-
1056,Joy Oladokun,Person,US,Arizona,-,-,None,None
1057,James Blake,Person,GB,Enfield,-,-,1988-09-26,
1058,THE ANXIETY,Group,None,None,None,None,-,-
1059,Munn,Person,None,Indiana,-,-,None,None
1060,Griff,Person,GB,Kings Langley,-,-,2001-01-21,
1061,Blxst,Person,US,Los Angeles,-,-,1992-09-17,
1062,Sarah Kang,Person,US,South Korea,-,-,None,None
1063,Danielle Bradbery,Person,US,League City,-,-,1996-07-23,
1064,Cico P,Person,None,Texas,-,-,1998-02-06,
1065,Judah,Group,None,None,None,None,-,-
1066,Drew Holcomb,Person,US,Memphis,-,-,1982-05-13,
1067,You'll Never Get to Heaven,Group,None,London,2012,,-,-
1068,King Gnu,Group,JP,Tokyo,2017-04-27,,-,-
1069,Forest Blakk,Person,CA,Montréal,-,-,1996-02-18,
1070,ZAYN,Person,None,Bradford,-,-,1993-01-12,
1071,Aminé,Person,US,Portland,-,-,1994-04-18,
1072,Pitbull,Person,US,Miami,-,-,1981-01-15,
1073,Roosevelt,Person,DE,Viersen,-,-,1990-09-29,
1074,Black Veil Brides,Group,US,Cincinnati,2006,,-,-
1075,88rising,Other,US,New York,-,-,2015-07-30,
1076,Weeekly,Group,KR,Seoul,2019-12,,-,-
1077,Jean Dawson,Person,US,San Diego,-,-,1995-12-22,
1078,Enrique Iglesias,Person,ES,Madrid,-,-,1975-05-08,
1079,[unknown],Other,XW,None,-,-,None,None
1080,Lewis OfMan,Person,FR,None,-,-,1997,
1081,Cautious Clay,Person,US,Cleveland,-,-,1993-01-30,
1082,Myd,Person,FR,Lille,-,-,1987-03-30,
1083,With Confidence,Group,None,Sydney,2012-04-01,True,-,-
1084,1da Banton,Person,NG,Port Harcourt,-,-,1994-07-24,
1085,The Pretty Reckless,Group,US,New York,2008,,-,-
1086,LEE HI,Person,KR,Bucheon,-,-,1996-09-23,
1087,Kizz Daniel,Person,NG,Ogun,-,-,1994-05-01,
1088,Penelope Scott,Person,US,None,-,-,2000,
1089,JEON SOMI,Person,KR,Windsor,-,-,2001-03-09,
1090,Bebe Rexha,Person,US,New York,-,-,1989-08-30,
1091,須田景凪,Person,None,None,-,-,1993-01-20,
1092,George Birge,Person,None,None,-,-,None,None
1093,Curbi,Person,None,None,-,-,None,None
1094,Jackson Wang,Person,KR,Hong Kong,-,-,1994-03-28,
1095,Livingston,Group,GB,None,2002,,-,-
1096,Ramsey Lewis,Person,US,Chicago,-,-,1935-05-27,True
1097,Skrillex,Person,US,Los Angeles,-,-,1988-01-15,
1098,Erin Kinsey,Person,None,None,-,-,None,None
1099,Gorgon City,Group,GB,None,2012,,-,-
1100,Zack Tabudlo,Person,PH,Philippines,-,-,2000-12-06,
1101,TAEMIN,Person,KR,Seoul,-,-,1993-07-18,
1102,TINI,Person,AR,Buenos Aires,-,-,1997-03-21,
1103,Logic,Person,US,Gaithersburg,-,-,1990-01-22,
1104,Unusual Demont,Person,None,None,-,-,None,None
1105,Chord Overstreet,Person,US,Nashville,-,-,1989-02-17,
1106,Lily Rose,Person,US,Atlanta,-,-,None,None
1107,Grae,Person,None,None,-,-,None,None
1108,Alessia Cara,Person,CA,Mississauga,-,-,1996-07-11,
1109,Lamis Kan,Person,SY,None,-,-,None,None
1110,Fave,None,None,None,-,-,None,None
1111,Ricky Rich,Person,SE,None,-,-,1999,
1112,Kai Meyer,Person,DE,Lübeck,-,-,1969-07-23,
1113,Valley,Group,CA,Toronto,2014,,-,-
1114,The Millennial Club,Group,None,None,None,None,-,-
1115,Addison Rae,Person,US,Lafayette,-,-,2000-10-06,
1116,Baby Queen,Person,None,Durban,-,-,1997-08-19,
1117,Against the Current,Group,US,Poughkeepsie,2011,,-,-
1118,Chase Wright,Person,None,None,-,-,None,None
1119,Lawrence,Person,DE,None,-,-,None,None
1120,Britton,Group,US,None,1986,True,-,-
1121,Passenger,Person,GB,Brighton and Hove,-,-,1984-05-17,
1122,ella jane,Person,US,New York,-,-,2001-11-07,
1123,Tujamo,Person,DE,Germany,-,-,None,None
1124,Arca,Person,ES,Caracas,-,-,1989-10-14,
1125,Dean Blunt,Person,None,None,-,-,None,None
1126,G‐Eazy,Person,US,Oakland,-,-,1989-05-24,
1127,Woodkid,Person,FR,Tassin-la-Demi-Lune,-,-,1983-03-16,
1128,Carlos Rivera,Person,MX,Mexico,-,-,1986-03-15,
1129,Miracle of Sound,Person,IE,Cork,-,-,1980-05-06,
1130,L’Impératrice,Group,FR,Paris,2012,,-,-
1131,Tyler Braden,Person,None,Montgomery,-,-,1993-02-05,
1132,Reik,Group,MX,Mexicali,2003,,-,-
1133,Alejandro Fernández,Person,MX,Ciudad de México,-,-,1971-04-24,
1134,Surf Curse,Group,US,Reno,2012,,-,-
1135,CAFUNÉ,Group,US,New York,2014,,-,-
1136,The Rare Occasions,None,None,None,2012-02-19,,-,-
1137,AJR,Group,US,New York,2006,,-,-
1138,Sodikken,Person,US,California,-,-,None,None
1139,Rebzyyx,None,None,None,-,-,None,None
1140,Cannibal Corpse,Group,US,Buffalo,1988,,-,-
1141,Kaden MacKay,Person,None,None,-,-,None,None
1142,late night drive home,Group,None,None,None,None,-,-
1143,KAYTRANADA,Person,CA,Port-au-Prince,-,-,1992-08-25,
1144,Rio Romeo,Person,None,None,-,-,1999,
1145,La Roux,Group,GB,Brixton,2006,,-,-
1146,Bo Burnham,Person,US,None,-,-,1990-08-21,
1147,RÜFÜS DU SOL,Group,AU,Sydney,2010-11-25,,-,-
1148,Big Red Machine,Group,US,Eau Claire,2008,,-,-
1149,Jordan Ward,Person,None,St. Louis,-,-,None,None
1150,Bathe,Group,None,None,None,None,-,-
1151,LEISURE,Group,NZ,Auckland,None,None,-,-
1152,Cruza,Group,None,None,None,None,-,-
1153,Hot Freaks,Group,US,Minneapolis,None,None,-,-
1154,Novo Amor,Person,GB,Aberystwyth,-,-,1991-08-11,
1155,Wilderado,Group,US,Tulsa,2016-06-01,,-,-
1156,Planet Giza,Group,None,None,None,None,-,-
1157,Lord Huron,Group,US,Los Angeles,2010,,-,-
1158,Robohands,Person,None,None,-,-,None,None
1159,Jungle,Group,GB,London,2013,,-,-
1160,Derivakat,Person,None,None,-,-,2000-04-29,
1161,HAIM,Group,US,Los Angeles,2006,,-,-
1162,The Altons,Group,US,Los Angeles,None,None,-,-
1163,Ren,Person,GB,Bangor,-,-,1990-03-29,
1164,Wallows,Group,None,Los Angeles,2017-04-12,,-,-
1165,PawPaw Rod,None,None,None,None,None,-,-
1166,Christian Humberg,Person,None,None,-,-,None,None
1167,Joe P,Person,None,None,-,-,None,None
1168,Madds Buckley,Person,None,United States,-,-,1999-11-15,
1169,Woodlock,Group,AU,Melbourne,2011,,-,-
1170,Verses,Group,None,Brighton,2010-02-03,True,-,-
1171,Jhariah,Person,None,South Bronx,-,-,2000-12-01,
1172,Daisy the Great,Group,US,Brooklyn,2016,,-,-
1173,Ocie Elliott,Group,CA,None,None,None,-,-
1174,Rare Americans,Group,None,Vancouver,None,None,-,-
1175,Lovejoy,Group,None,United Kingdom,2021,,-,-
1176,The Band CAMINO,Group,US,Memphis,2015,,-,-
1177,Tom Cardy,Person,AU,Sydney,-,-,1994-06-12,
1178,Destroy Boys,Group,None,None,2015-10,,-,-
1179,Flying Lotus,Person,US,Los Angeles,-,-,1983-10-07,
1180,Astral Planes,Group,None,None,None,None,-,-
1181,Weathers,Group,None,None,2015-10,,-,-
1182,Toby Fox,Person,US,Boston,-,-,1991-10-11,
1183,Lena Raine,Person,US,Seattle,-,-,1984-02-29,
1184,Crawlers,Group,None,Liverpool,2018-06,,-,-
1185,전진희,Person,KR,None,-,-,None,None
1186,Hollow Coves,Group,AU,Australia,2013,,-,-
1187,Will Wood,Person,None,None,-,-,1992-07-19,
1188,Raynes,Group,None,None,2017,,-,-
1189,Ralph Castelli,Person,None,None,-,-,None,None
1190,Trousdale,Group,US,Los Angeles,None,None,-,-
1191,I DONT KNOW HOW BUT THEY FOUND ME,Group,US,Salt Lake City,2016,,-,-
1192,Summer 2000,None,None,None,2021,,-,-
1193,Arlo Parks,Person,GB,London,-,-,2000-08-09,
1194,Free Party,None,None,None,-,-,None,None
1195,NEIL FRANCES,Group,None,None,None,None,-,-
1196,Leon Bridges,Person,US,Atlanta,-,-,1989-07-13,
1197,The Walters,Group,None,Chicago,2013,,-,-
1198,COIN,Group,None,None,2012,,-,-
1199,Khamari,Person,None,None,-,-,None,None
1200,thquib,None,None,None,-,-,None,None
1201,SUSTO,Group,US,Charleston,None,None,-,-
1202,Sushi Soucy,Person,None,None,-,-,None,None
1203,Okvsho,Group,None,None,None,None,-,-
1204,Pretty Sick,Group,None,None,None,None,-,-
1205,DRAMA,Group,None,Chicago,2014,,-,-
1206,The Light The Heat,Group,US,None,2014,,-,-
1207,Rejjie Snow,Person,IE,Dublin,-,-,1993-06-27,
1208,Inhaler,Group,IE,Dublin,2016,,-,-
1209,Peter McPoland,Person,None,Burlington,-,-,2000-11-03,
1210,Freyr,Group,GB,None,2012-06-01,,-,-
1211,FINNEAS,Person,US,Los Angeles,-,-,1997-07-30,
1212,binki,Person,None,None,-,-,None,None
1213,Caamp,Group,US,Athens,2013,,-,-
1214,El David,Person,MX,None,-,-,None,None
1215,Wombo,Group,US,Louisville,None,None,-,-
1216,Kevin Ross,Person,US,"Washington, D.C.",-,-,1987-12-08,
1217,Hopsin,Person,US,Los Angeles,-,-,1985-07-18,
1218,Bazanji,Person,None,United Kingdom,-,-,None,None
1219,Gregory Alan Isakov,Person,None,Johannesburg,-,-,1979-10-19,
1220,ovlov,Group,None,Newtown,2008-08-08,,-,-
1221,"Daniel, me estás matando",Group,None,Ciudad de México,2018-02,,-,-
1222,SG Lewis,Person,GB,Reading,-,-,1994-07-09,
1223,Loony,Person,None,None,-,-,None,None
1224,Kevin Kaarl,Person,MX,Chihuahua,-,-,2001-05-15,
1225,The Brook Brothers,Group,GB,Winchester,1956,True,-,-
1226,Arthur Nery,Person,PH,Philippines,-,-,1997-01-28,
1227,Phantogram,Group,US,Greenwich,2007,,-,-
1228,No Rome,Person,GB,National Capital Region,-,-,1997-08-30,
1229,Cody Fry,Person,None,Illinois,-,-,None,None
1230,Cavetown,Person,None,Oxford,-,-,1998-12-15,
1231,The Hold Steady,Group,US,Brooklyn,2003,,-,-
1232,AG Club,Group,US,None,2017,,-,-
1233,Coyote Theory,Group,None,None,None,None,-,-
1234,Land of Color,Group,None,None,None,None,-,-
1235,Brett Dennen,Person,US,Oakdale,-,-,1979-10-28,
1236,Ed Maverick,Person,MX,Delicias,-,-,2001-01-19,
1237,Mannequin Pussy,Group,US,New York,2013,,-,-
1238,Mia Joy,Person,US,None,-,-,None,None
1239,"Paris, Texas",Group,US,Madison,1997-12,True,-,-
1240,Isaac Dunbar,Person,US,Rhode Island,-,-,2003-03-17,
1241,Pardyalone,Person,US,Minnesota City,-,-,1999-09-22,
1242,Mod Sun,Person,US,Bloomington,-,-,1987-03-10,
1243,Witt Lowry,Person,US,Connecticut,-,-,1991-02-28,
1244,Indigo Waves,Group,None,None,None,None,-,-
1245,Ryan Woods,Person,None,None,-,-,2000-07-06,
1246,Origami Angel,Group,US,"Washington, D.C.",None,None,-,-
1247,Sipper,Group,None,New York,None,None,-,-
1248,Polo Polo,Person,MX,Guanajuato,-,-,1944-03-09,True
1249,Paul Zach,Person,None,None,-,-,None,None
1250,Sons of the East,Group,AU,None,None,None,-,-
1251,The Orion Experience,Group,US,New York,2005,,-,-
1252,Masego,Person,US,Kingston,-,-,1993-06-08,
1253,Lonely God,Person,ES,None,-,-,None,None
1254,Benny Sings,Person,NL,Dordrecht,-,-,1977,
1255,Garrett Kato,Person,AU,None,-,-,None,None
1256,Sarah Jarosz,Person,US,Austin,-,-,1991-05-23,
1257,WhoMadeWho,Group,DK,Copenhagen,2003,,-,-
1258,The Kiffness,Group,None,None,2010,,-,-
1259,Chet Faker,Person,AU,Melbourne,-,-,1988-06-23,
1260,Claud,Person,US,Highland Park,-,-,1999-04-23,
1261,Couch,Group,DE,None,None,None,-,-
1262,77p egg,Character,GB,United Kingdom,-,-,2014-09-18,
1263,Tubbo,Person,None,United Kingdom,-,-,2003-12-23,
1264,david hugo,Person,US,Monterey,-,-,2000-12-16,
1265,Salt Tree,Group,None,None,None,None,-,-
1266,Mickey Darling,Group,None,San Antonio,2018,,-,-
1267,Wet Wet Wet,Group,GB,Clydebank,1982,,-,-
1268,Triple‐Q,Person,AU,None,-,-,1992-02-06,
1269,NOAHFINNCE,Person,GB,England,-,-,1999-08-18,
1270,Noga Erez,Person,IL,Israel,-,-,1989-12-26,
1271,José González,Person,SE,Gothenburg,-,-,1978-07-31,
1272,Sarah and the Sundays,Group,None,None,None,None,-,-
1273,Aisha Badru,Person,None,None,-,-,None,None
1274,Current Joys,Person,US,Henderson,-,-,1992-08-06,
1275,Beach Bunny,Group,US,Chicago,2015,,-,-
1276,Annie DiRusso,Person,None,None,-,-,None,None
1277,Waterparks,Group,None,Houston,2011,,-,-
1278,rum.gold,Person,None,None,-,-,None,None
1279,Fievel Is Glauque,Group,None,None,2018,,-,-
1280,Fiddlehead,Group,US,Boston,None,None,-,-
1281,carpetgarden,None,None,None,None,None,-,-
1282,OR3O,Person,US,United States,-,-,1999-05-19,
1283,Antoine Bradford,Person,None,None,-,-,None,None
1284,Far Caspian,Group,None,Leeds,2018-02-01,,-,-
1285,Christian Leave,Person,US,Oklahoma,-,-,2000-05-01,
1286,Sara Kays,Person,US,Indiana,-,-,1999-02-18,
1287,spill tab,Person,None,None,-,-,None,None
1288,Terry Presume,Person,None,None,-,-,None,None
1289,Kembe X,Person,None,None,-,-,None,None
1290,Tommy Lefroy,Group,None,None,2018,,-,-
1291,Reggie,Person,CD,None,-,-,None,None
1292,Malz Monday,Person,US,Ossining,-,-,None,None
1293,Julien Baker,Person,US,Memphis,-,-,1995-09-29,
1294,Houses,Group,US,Chicago,2010,,-,-
1295,Zack Fox,Person,None,Atlanta,-,-,1990-12-06,
1296,Shakey Graves,Person,None,Austin,-,-,1987-06-06,
1297,Mike Oldfield,Person,GB,Reading,-,-,1953-05-15,
1298,Foxtide,Group,None,San Diego,None,None,-,-
1299,Flozigg,Person,None,None,-,-,None,None
1300,Indigo De Souza,Person,US,Danbury,-,-,1997-07-01,
1301,Fish in a Birdcage,Group,CA,Victoria,2014-06,,-,-
1302,Tora Tora,Group,US,Memphis,1985,,-,-
1303,Trevor Hall,Person,US,Hilton Head Island,-,-,1986-11-28,
1304,Parcels,Group,AU,Byron Bay,2014,,-,-
1305,Emotional Oranges,Group,US,Los Angeles,None,None,-,-
1306,Husbands,Group,US,Oklahoma City,None,None,-,-
1307,I Hate Myself Because,Person,UA,None,-,-,None,None
1308,UNDRESSD,None,None,None,-,-,None,None
1309,Wallice,None,None,None,-,-,None,None
1310,Goody Grace,Person,CA,Selkirk,-,-,1997-06-19,
1311,Anuv Jain,Person,None,Punjab,-,-,1995-03-11,
1312,Wilder Woods,Person,US,Greenville,-,-,1980-09-06,
1313,이이언,Person,KR,South Korea,-,-,1975-12-19,
1314,Paul Russell,Person,None,None,-,-,None,None
1315,Tone Stith,Person,US,None,-,-,None,None
1316,Orions Belte,Group,None,Oslo,2017-01-01,,-,-
1317,2 Mello,Person,US,Lexington,-,-,None,None
1318,Drew Holcomb,Person,US,Memphis,-,-,1982-05-13,
1319,Tempest,Group,US,None,1988,,-,-
1320,Everybody's Worried About Owen,None,None,None,None,None,-,-
1321,Topaz Jones,Person,None,None,-,-,None,None
1322,Matthew Fowler,Person,US,None,-,-,None,None
1323,Tim Halperin,Person,US,Omaha,-,-,1987-05-27,
1324,Louis the Child,Group,US,Chicago,2012,,-,-
1325,Taylor McCall,Person,None,None,-,-,None,None
1326,Blvck Svm,Person,None,None,-,-,None,None
1327,Tep No,Person,None,None,-,-,None,None
1328,Ritviz,Person,None,Pune,-,-,1990-06-24,
1329,girlhouse,Person,None,None,-,-,None,None
1330,Old Sea Brigade,Person,None,None,-,-,None,None
1331,Briston Maroney,Person,US,None,-,-,None,None
1332,Ratboys,Group,None,Chicago,2009,,-,-
1333,Grip Inc.,Group,US,None,1993,True,-,-
1334,Jon Foreman,Person,US,None,-,-,1976-10-22,
1335,youra,Person,KR,None,-,-,None,None
1336,Forrest Nolan,Person,US,None,-,-,None,None
1337,Chiiild,Group,CA,Montréal,None,None,-,-
1338,machineheart,Group,None,Los Angeles,2011,,-,-
1339,Stop Light Observations,Group,None,Mount Pleasant,2011,,-,-
1340,Fousheé,Person,None,None,-,-,1990,
1341,DeathbyRomy,Person,US,Los Angeles,-,-,1999-12-19,
1342,Runnner,Person,None,None,-,-,None,None
1343,Charlotte Day Wilson,Person,CA,Toronto,-,-,1993,
1344,emawk,Person,None,Boston,-,-,None,None
1345,Devon Gilfillian,Person,None,None,-,-,None,None
1346,Jon Bellion,Person,US,Lake Grove,-,-,1990-12-26,
1347,CHVRCHES,Group,GB,Glasgow,2011,,-,-
1348,Glare,Group,None,None,None,None,-,-
1349,Bess Atwell,Person,None,London,-,-,1994-09-24,
1350,Tom the Mail Man,Person,None,None,-,-,1998-03-22,
1351,hard life,Group,None,Leicester,2017,,-,-
1352,Nascent,Person,US,None,-,-,None,None
1353,Maple Glider,Person,None,None,-,-,None,None
1354,Jillian Edwards,Person,US,Dallas,-,-,1988-11-28,
1355,JZAC,Person,None,Boston,-,-,1991-03-06,
1356,The Lone Bellow,Group,US,Brooklyn,2011,,-,-
1357,Judah,Group,None,None,None,None,-,-
1358,UPSAHL,Person,US,Phoenix,-,-,1998-11-28,
1359,Lowertown,Group,None,None,None,None,-,-
1360,Valentina Preite,None,None,None,None,None,-,-
1361,Sjowgren,Group,None,California,None,None,-,-
1362,poutyface,Person,None,United States,-,-,None,None
1363,Trampled by Turtles,Group,US,Duluth,2004,,-,-
1364,Like Moths to Flames,Group,US,Columbus,2010,,-,-
1365,Katy Kirby,Person,None,Spicewood,-,-,None,None
1366,The Living Tombstone,Group,IL,Israel,2011-05-29,,-,-
1367,Mission House,None,None,None,None,None,-,-
1368,Metronomy,Group,GB,Totnes,1999,,-,-
1369,Ed Patrick,Person,None,Portsmouth,-,-,None,None
1370,Great Good Fine Ok,Group,US,None,None,None,-,-
1371,Ben Quad,Group,None,None,None,None,-,-
1372,Audrey Nuna,Person,US,New Jersey,-,-,1999-04-02,
1373,The Brother Brothers,Group,None,Brooklyn,None,None,-,-
1374,A Story Told,Group,None,Charleston,2013,,-,-
1375,JAWNY,Person,US,Fairfield,-,-,1995-12-23,
1376,Frank Ray,Person,US,Deming,-,-,1987-01-08,
1377,Ragz Originale,Group,None,None,None,None,-,-
1378,JJ Heller,Person,US,San Jose,-,-,1980-10-19,
1379,Peach Pit,Group,CA,Canada,2016,,-,-
1380,Orla Gartland,Person,IE,Dublin,-,-,1995-02-03,
1381,Maeta,Person,US,None,-,-,None,None
1382,Hether,Person,None,None,-,-,None,None
1383,THE WLDLFE,Group,None,None,None,None,-,-
1384,Clifton Chenier,Person,US,Opelousas,-,-,1925-06-25,True
1385,Ziggy Alberts,Person,AU,None,-,-,None,None
1386,Quake Matthews,Person,CA,Halifax,-,-,None,None
1387,Ozer,Person,None,None,-,-,None,None
1388,Elita,Person,CA,Cupids,-,-,1995-08-19,
1389,Viagra Boys,Group,SE,Stockholm,2015,,-,-
1390,Kid Francescoli,Group,None,Marseille,2000,,-,-
1391,Futurebirds,Group,None,Athens,2008,,-,-
1392,Cujo Moon,None,None,None,None,None,-,-
1393,Blood Cultures,Person,US,New Jersey,-,-,None,None
1394,John R. Miller,Person,None,None,-,-,None,None
1395,James Marriott,Person,None,Switzerland,-,-,1997-07-07,
1396,Reggie Becton,Person,US,None,-,-,None,None
1397,Jonathan Ogden,Person,GB,None,-,-,None,None
1398,Jalil,Person,DE,None,-,-,1987-03-13,
1399,Cal Scruby,Person,None,None,-,-,None,None
1400,Teen Mortgage,Group,US,"Washington, D.C.",None,None,-,-
1401,Σtella,Person,GR,None,-,-,None,None
1402,Muni Long,Person,US,Vero Beach,-,-,1988-09-14,
1403,Tyler Childers,Person,US,Lawrence County,-,-,1991-06-21,
1404,Khruangbin,Group,None,None,2004,,-,-
1405,Mt. Joy,Group,US,Philadelphia,2016,,-,-
1406,Birth Day,Person,None,Galway,-,-,2005-02-28,
1407,The Backseat Lovers,Group,US,Heber City,None,None,-,-
1408,Armani White,Person,None,Philadelphia,-,-,1996-09-25,
1409,KIRBY,Person,None,Memphis,-,-,None,None
1410,SAULT,Group,None,None,2019,,-,-
1411,Patrick Watson,Person,CA,Lancaster,-,-,1979-10-08,
1412,Colter Wall,Person,None,Saskatchewan,-,-,1995-06-27,
1413,Mitski,Person,US,Mie,-,-,1990-09-27,
1414,RICEWINE,Person,AU,Victoria,-,-,None,None
1415,New West,Group,None,None,None,None,-,-
1416,flipturn,Group,US,Fernandina Beach,None,None,-,-
1417,mage tears,Person,GB,None,-,-,None,None
1418,ODESZA,Group,US,Seattle,2012-06-11,,-,-
1419,Mom Jeans.,Group,None,Berkeley,2014,,-,-
1420,Ravyn Lenae,Person,US,Chicago,-,-,1999-01-22,
1421,Disasterpeace,Person,US,Staten Island,-,-,1986-06-29,
1422,Devin Kennedy,Person,None,Hermosa Beach,-,-,1996-10-04,
1423,Mavi,Person,None,None,-,-,1999-10-07,
1424,Ladytron,Group,GB,Liverpool,1999,,-,-
1425,"hey, nothing",Group,None,None,None,None,-,-
1426,Ahmad Anonimis,None,None,None,None,None,-,-
1427,Christian Kuria,Person,US,San Francisco,-,-,None,None
1428,redveil,Person,US,"Washington, D.C.",-,-,2004-04-20,
1429,Beach Weather,Group,None,United States,2015-08,,-,-
1430,Dance Gavin Dance,Group,US,Sacramento,2005,,-,-
1431,Wesley Willis,Person,US,Chicago,-,-,1963-05-31,True
1432,Kingfishr,Group,None,None,2022,,-,-
1433,Rainbow Kitten Surprise,Group,None,North Carolina,2013,,-,-
1434,Asha Imuno,Person,None,None,-,-,None,None
1435,Ryan Caraveo,Person,US,Seattle,-,-,1992-12-13,
1436,CASTLEBEAT,Person,US,None,-,-,None,None
1437,Ryan Oakes,Person,None,Virginia,-,-,1995-03-10,
1438,River Whyless,Group,US,None,2012,,-,-
1439,Disclosure,Group,GB,Reigate,2010,,-,-
1440,Magic City Hippies,Group,US,None,None,None,-,-
1441,Set It Off,Group,US,Tampa,2008,,-,-
1442,McCafferty,Group,None,Medina,2012,,-,-
1443,The Regrettes,Group,US,Los Angeles,2015,True,-,-
1444,The Brothers Comatose,Group,US,San Francisco,2009,,-,-
1445,BETWEEN FRIENDS,Group,None,Los Angeles,2017,,-,-
1446,Lissom,None,None,None,None,None,-,-
1447,Darius Ciuta,Person,None,Kaunas,-,-,1966-04-22,
1448,Mallrat,Person,AU,Brisbane,-,-,1998-09-25,
1449,WESTSIDE BOOGIE,Person,US,Compton,-,-,1989-08-10,
1450,EarthGang,Group,US,Atlanta,2008,,-,-
1451,WHALES•TALK,Group,None,None,2021,,-,-
1452,Matt Maeson,Person,US,Norfolk,-,-,1993-01-17,
1453,Foreign Figures,Group,None,Orem,2014-07,,-,-
1454,Rina Sawayama,Person,None,Niigata,-,-,1990-08-16,
1455,Pete Townshend,Person,GB,Chiswick,-,-,1945-05-19,
1456,Baby Bugs,Group,None,None,2021,,-,-
1457,Yohani,Person,LK,Sri Lanka,-,-,1993-07-30,
1458,Blood Orange,Person,GB,Ilford,-,-,1985-12-23,
1459,Pinegrove,Group,US,Montclair,2010,,-,-
1460,Flight Facilities,Group,AU,Sydney,2010,,-,-
1461,Otis Kane,Person,None,None,-,-,None,None
1462,Gretta Ray,Person,AU,Melbourne,-,-,1998-05-22,
1463,Harvest,Group,US,Lindale,1977,True,-,-
1464,Jitwam,Person,None,None,-,-,None,None
1465,Medium Build,Person,US,Anchorage,-,-,None,None
1466,Amber Mark,Person,US,Tennessee,-,-,1993-12-29,
1467,Holly Humberstone,Person,GB,Grantham,-,-,1999-12-17,
1468,NxWorries,Group,US,None,None,None,-,-
1469,Baynk,Person,NZ,None,-,-,None,None
1470,Flume,Person,AU,Sydney,-,-,1991-11-05,
1471,Mesita,Person,US,None,-,-,None,None
1472,Penny and Sparrow,Group,None,None,None,None,-,-
1473,Madeon,Person,FR,Nantes,-,-,1994-05-30,
1474,boy pablo,Group,NO,Bergen,2015,,-,-
1475,The Dead South,Group,None,Regina,2012,,-,-
1476,YACHT,Group,None,Portland,2002,,-,-
1477,Gable Price and Friends,Group,None,None,2017,,-,-
1478,half•alive,Group,US,Long Beach,2016,,-,-
1479,Tessa Violet,Person,US,Chicago,-,-,1990-03-20,
1480,Grace Ives,Person,None,None,-,-,None,None
1481,Annis,None,None,None,-,-,None,None
1482,Make His Ribs Show,Person,None,Galway,-,-,2005-02-28,
1483,Lute,Person,US,Charlotte,-,-,1989-07-06,
1484,Eddie Benjamin,Person,AU,None,-,-,None,None
1485,Mark Knopfler,Person,GB,Glasgow,-,-,1949-08-12,
1486,The California Honeydrops,Group,US,Oakland,2007-11,,-,-
1487,Mansionair,Group,AU,Sydney,2014,,-,-
1488,SYML,Person,US,Issaquah,-,-,1983-01-16,
1489,Madilyn Mei,Person,None,None,-,-,None,None
1490,Lucius,Group,US,Brooklyn,2005,,-,-
1491,Ryan Harris,Person,None,None,-,-,None,None
1492,Hemlocke Springs,Person,None,Concord,-,-,1998,
1493,Naethan Apollo,Person,US,United States,-,-,1999-06-06,
1494,Kenny Beats,Person,US,None,-,-,None,None
1495,Games We Play,Group,US,Nashville,None,None,-,-
1496,Łaszewo,Group,None,None,None,None,-,-
1497,Thundercat,Person,US,Los Angeles,-,-,1984-10-19,
1498,Lifeformed,Person,US,None,-,-,None,None
1499,Jazmin Bean,Person,None,London,-,-,2003-02-07,
1500,Leanna Crawford,Person,None,None,-,-,1995,
1501,Buddha Trixie,Group,None,San Diego,None,None,-,-
1502,Jamie xx,Person,GB,London,-,-,1988-10-28,
1503,the pillows,Group,JP,Sapporo,1989-09-16,,-,-
1504,FKJ,Person,FR,Tours,-,-,1991-03-27,
1505,Labrinth,Person,GB,Hackney,-,-,1989-01-04,
1506,GHOST,Person,None,None,-,-,1997-11-15,
1507,Sub-Radio,Group,None,Sterling,2011,,-,-
1508,Dora Jar,Person,None,New York,-,-,1996-10-12,
1509,Bon Iver,Group,US,Eau Claire,2006,,-,-
1510,Monophonics,Group,US,San Francisco,2005,,-,-
1511,Sudan Archives,Person,None,Cincinnati,-,-,None,None
1512,Ian Noe,Person,US,Beattyville,-,-,1990-05-09,
1513,Drug Store Romeos,Group,None,None,None,None,-,-
1514,Julia Jacklin,Person,AU,New South Wales,-,-,1990-08-30,
1515,Bruses,Person,MX,None,-,-,None,None
1516,The Warning,Group,MX,Monterrey,2013,,-,-
1517,Weyes Blood,Person,US,Santa Monica,-,-,1988-06-11,
1518,Chris Webby,Person,US,Norwalk,-,-,1988-10-13,
1519,Kenny Mason,Person,US,Atlanta,-,-,1994-12-17,
1520,Ivan B,Person,None,None,-,-,1996-01-12,
1521,Bina,Person,None,None,-,-,None,None
1522,The Orphan The Poet,Group,US,Columbus,2016-06-02,,-,-
1523,Julie Odell,Person,None,None,-,-,None,None
1524,AP$ENT,Person,None,None,-,-,None,None
1525,Arizona Zervas,Person,US,Hagerstown,-,-,1995-04-19,
1526,The Garden,Group,US,Orange County,2011,,-,-
1527,The Head and the Heart,Group,US,Seattle,2009,,-,-
1528,Bonny Light Horseman,Group,US,None,2018,,-,-
1529,Prateek Kuhad,Person,IN,Jaipur,-,-,1990-03-03,
1530,Bonobo,Person,GB,Leeds,-,-,1976-03-30,
1531,Kidswaste,Person,None,None,-,-,None,None
1532,The Wrecks,Group,None,None,None,None,-,-
1533,The Deslondes,Group,None,New Orleans,2013-08,,-,-
1534,Joshua Leventhal,Person,CA,None,-,-,None,None
1535,pencil,Person,None,None,-,-,None,None
1536,The Knocks,Group,US,New York,2007,,-,-
1537,Mexican Slum Rats,None,None,None,None,None,-,-
1538,Kalandra,Group,None,Liverpool,2011-09-01,,-,-
1539,BANKS,Person,US,Los Angeles,-,-,1988-06-16,
1540,Aoife O’Donovan,Person,None,Newton,-,-,1982-11-18,
1541,Elias Dummer,Person,None,Hamilton,-,-,None,None
1542,Anaïs Mitchell,Person,US,Montpelier,-,-,1981-03-26,
1543,LÉON,Person,SE,Stockholm,-,-,1994,
1544,Hayley Kiyoko,Person,US,Los Angeles,-,-,1991-04-03,
1545,Sir Chloe,Group,None,Bennington,2018,,-,-
1546,IAMX,Person,DE,Middlesbrough,-,-,1974-01-23,
1547,First Aid Kit,Group,SE,Stockholm,2007,,-,-
1548,Joyce Manor,Group,US,Torrance,2008-11,,-,-
1549,WOS,Person,AR,Buenos Aires,-,-,1998-01-23,
1550,Michigander,Person,US,None,-,-,None,None
1551,Marzz,Person,NL,None,-,-,None,None
1552,Token,Person,US,Boston,-,-,1998-09-24,
1553,TOKiMONSTA,Person,US,Torrance,-,-,None,None
1554,Mura Masa,Person,GB,Guernsey,-,-,1996-04-05,
1555,James Tillman,Person,None,None,-,-,None,None
1556,Maude Latour,Person,US,None,-,-,None,None
1557,Taylor Armstrong,Person,None,None,-,-,None,None
1558,Abdul Hannan,Person,None,None,-,-,None,None
1559,Dreamer Boy,Person,US,Waco,-,-,None,None
1560,Shady Lane,Group,AU,None,None,None,-,-
1561,Chase Petra,Group,None,None,2017,,-,-
1562,Paravi,Person,US,None,-,-,None,None
1563,Remember Sports,Group,None,None,None,None,-,-
1564,Chris Christodoulou,Person,GR,None,-,-,None,None
1565,Dirt Poor Robins,Group,None,United States,None,None,-,-
1566,Tacoma,Group,None,None,None,None,-,-
1567,Leon Thomas,Person,US,East St. Louis,-,-,1937-10-04,True
1568,Jordy Searcy,Person,None,None,-,-,None,None
1569,BANNERS,Person,None,None,-,-,None,None
1570,Ogi,Person,US,None,-,-,None,None
1571,Da LAB,Group,None,Hanoi,2007,,-,-
1572,J.J. Cale,Person,US,Oklahoma City,-,-,1938-12-05,True
1573,Kanishk Seth,None,None,None,-,-,None,None
1574,Glen Check,Group,KR,South Korea,2011,,-,-
1575,Wilbur Soot,Person,None,Suffolk,-,-,1996-09-14,
1576,The Polar Boys,Group,None,Miami,None,None,-,-
1577,Chris Patrick,Person,US,None,-,-,None,None
1578,Slush Puppy,Person,None,None,-,-,None,None
1579,Yumi Zouma,Group,NZ,None,None,None,-,-
1580,Sleepy Hallow,Person,US,Jamaica,-,-,1999-12-20,
1581,Baby Keem,Person,US,Carson,-,-,2000-10-22,
1582,Lil Tecca,Person,US,Queens,-,-,2002-08-26,
1583,Polo G,Person,US,Chicago,-,-,1999-01-06,
1584,$uicideboy$,Group,US,New Orleans,2013,,-,-
1585,"Tyler, the Creator",Person,US,Hawthorne,-,-,1991-03-06,
1586,Ken Carson,Person,US,Atlanta,-,-,2000-04-11,
1587,J. Cole,Person,US,Frankfurt am Main,-,-,1985-01-28,
1588,Yeat,Person,US,Irvine,-,-,2000-02-26,
1589,Moneybagg Yo,Person,US,Memphis,-,-,1991-09-22,
1590,Kxllswxtch,Person,None,None,-,-,1999-07-17,
1591,Summer Walker,Person,US,Atlanta,-,-,1996-04-11,
1592,Key Glock,Person,US,Memphis,-,-,1997-08-03,
1593,Rod Wave,Person,US,St. Petersburg,-,-,1999-08-27,
1594,Trippie Redd,Person,US,Canton,-,-,1999-06-18,
1595,Lil Tjay,Person,US,The Bronx,-,-,2001-04-30,
1596,Cochise,Group,DE,None,1979,True,-,-
1597,bbno$,Person,CA,Vancouver,-,-,1995-06-30,
1598,YoungBoy Never Broke Again,Person,US,Baton Rouge,-,-,1999-10-20,
1599,Don Toliver,Person,US,Houston,-,-,1994-06-12,
1600,Brent Faiyaz,Person,US,Columbia,-,-,1995-09-19,
1601,YBN Nahmir,Person,US,Birmingham,-,-,1999-12-18,
1602,Ye,Person,US,Atlanta,-,-,1977-06-08,
1603,Gera MX,Person,MX,San Luis Potosí,-,-,1994-07-15,
1604,Sniper Gang,None,None,None,-,-,None,None
1605,That Mexican OT,Person,US,Bay City,-,-,1999-02-02,
1606,Kankan,Person,US,None,-,-,None,None
1607,Juice WRLD,Person,US,Chicago,-,-,1998-12-02,True
1608,22Gz,Person,US,Brooklyn,-,-,1997-11-29,
1609,Isaiah Rashad,Person,US,Chattanooga,-,-,1991-05-16,
1610,BLEU,Person,US,Mobile,-,-,1994-04-05,
1611,Nardo Wick,Person,US,None,-,-,2001-12-30,
1612,Travis Scott,Person,US,Houston,-,-,1991-04-30,
1613,347aidan,Person,None,Cambridge,-,-,2003-06-08,
1614,Young Thug,Person,US,Atlanta,-,-,1991-08-16,
1615,La Santa Grifa,None,None,None,-,-,None,None
1616,Pi’erre Bourne,Person,US,Columbia,-,-,1993-09-19,
1617,BONES,Person,None,None,-,-,1994-01-11,
1618,Remble,Person,US,San Pedro,-,-,2000,
1619,BoyWithUke,Person,US,None,-,-,None,None
1620,Lil Baby,Person,US,Atlanta,-,-,1994-12-03,
1621,NLE Choppa,Person,US,Memphis,-,-,2002-11-01,
1622,Drakeo the Ruler,Person,US,Westmont,-,-,1993-12-01,True
1623,MO3,Person,US,McKinney,-,-,1992-05-31,True
1624,Eminem,Person,US,St. Joseph,-,-,1972-10-17,
1625,Homixide Gang,Group,US,Atlanta,2021,,-,-
1626,SpotemGottem,Person,US,Jacksonville,-,-,2001-10-19,
1627,A Boogie Wit da Hoodie,Person,US,The Bronx,-,-,1995-12-06,
1628,Clifton Chenier,Person,US,Opelousas,-,-,1925-06-25,True
1629,The Notorious B.I.G.,Person,US,Clinton Hill,-,-,1972-05-21,True
1630,Chief Keef,Person,US,Chicago,-,-,1995-08-15,
1631,Foolio,Person,None,None,-,-,1998-06-21,True
1632,Xavier Wulf,Person,None,None,-,-,1992-10-24,
1633,Young Dolph,Person,US,Chicago,-,-,1985-08-11,True
1634,The Alchemist,Person,US,Beverly Hills,-,-,1977-10-25,
1635,Mac Miller,Person,US,Pittsburgh,-,-,1992-01-19,True
1636,Lil Yachty,Person,US,Mableton,-,-,1997-08-23,
1637,StarBoi3,Person,None,None,-,-,None,None
1638,Pop Smoke,Person,US,Canarsie,-,-,1999-07-20,True
1639,Roddy Ricch,Person,US,Compton,-,-,1998-10-22,
1640,Young Slo‐Be,Person,US,Stockton,-,-,1993-06-02,True
1641,Kodak Black,Person,US,Pompano Beach,-,-,1997-06-11,
1642,Shady Moon,Person,None,None,-,-,None,None
1643,BIA,Person,US,Medford,-,-,1991-08-16,
1644,Soldier Kidd,None,None,None,-,-,None,None
1645,Topher,Person,US,None,-,-,1991,
1646,Denzel Curry,Person,US,Carol City,-,-,1995-02-16,
1647,Vince Staples,Person,US,Long Beach,-,-,1993-07-02,
1648,DJ Scheme,Person,None,None,-,-,None,None
1649,H.E.R.,Person,US,Vallejo,-,-,1997-06-27,
1650,Rx Papi,Person,US,Rochester,-,-,1995-05-17,
1651,Spinabenz,Person,None,None,-,-,None,None
1652,Tom MacDonald,Person,CA,Mission,-,-,1988-09-21,
1653,Westside Gunn,Person,US,None,-,-,1982-07-27,
1654,DPR IAN,Person,KR,Sydney,-,-,1990-09-06,
1655,Conway,Person,None,None,-,-,1982-02-16,
1656,1nonly,Person,US,Las Vegas,-,-,2004-04-06,
1657,Punchmade Dev,Person,US,North Carolina,-,-,2000-10-16,
1658,City Girls,Group,US,Miami,2017,True,-,-
1659,Bryson Tiller,Person,US,Louisville,-,-,1993-01-02,
1660,Blueface,Person,US,Los Angeles,-,-,1997-01-20,
1661,Mike Sherm,Person,None,None,-,-,None,None
1662,Night Lovell,Person,None,Ottawa,-,-,1997-05-29,
1663,YNW Melly,Person,US,None,-,-,1999-05-01,
1664,Che Che,Person,None,None,-,-,None,None
1665,DB.Boutabag,None,None,None,-,-,None,None
1666,Big Yavo,Person,None,None,-,-,None,None
1667,22december,Person,None,None,-,-,None,None
1668,Lil Poppa,Person,US,None,-,-,None,None
1669,Hotboii,Person,None,None,-,-,None,None
1670,El Alfa,Person,DO,Santo Domingo,-,-,1990-12-18,
1671,MemoTheMafioso,None,None,None,-,-,None,None
1672,Tokischa,Person,DO,Puerto Plata,-,-,1996-03-17,
1673,Lil Skies,Person,US,Chambersburg,-,-,1998-08-04,
1674,Rich Homie Quan,Person,US,Atlanta,-,-,1989-10-04,True
1675,Yungeen Ace,Person,US,East Chicago,-,-,2000,
1676,SAINt JHN,Person,GY,Brooklyn,-,-,1986-08-26,
1677,Upchurch,Person,None,Nashville,-,-,1991-05-24,
1678,Lancey Foux,Person,GB,None,-,-,None,None
1679,Full Tac,Person,US,United States,-,-,1989-02-01,
1680,Rochy RD,Person,DO,Santo Domingo,-,-,None,None
1681,Monaleo,Person,None,Houston,-,-,2001-04-24,
1682,Tee Grizzley,Person,None,Detroit,-,-,1994-03-23,
1683,Sharkboy,Group,None,Brighton,1992,True,-,-
1684,LPB Poody,Person,None,Orlando,-,-,1999-10-23,
1685,Scorey,Person,US,None,-,-,1998-11-26,
1686,EBK Young Joc,None,None,None,-,-,None,None
1687,iAmJakeHill,Person,None,None,-,-,1993,
1688,Hanumankind,Person,IN,Kerala,-,-,None,None
1689,Sueco,Person,US,Los Angeles,-,-,1997-01-28,
1690,yunggoth,Person,None,None,-,-,None,None
1691,Lund,Person,None,None,-,-,None,None
1692,Jack Kays,Person,None,None,-,-,None,None
1693,Yelawolf,Person,US,Gadsden,-,-,1979-12-30,
1694,SeptembersRich,None,None,None,-,-,None,None
1695,Dax,Person,US,St. John's,-,-,1994-03-22,
1696,Delli Boe,Person,None,Sacramento,-,-,2000-11-29,
1697,Shotgun Willy,Person,None,California,-,-,1999-07-17,
1698,Moxas,None,None,None,-,-,None,None
1699,Khantrast,None,None,None,-,-,None,None
1700,Baby Stone Gorillas,Group,None,None,None,None,-,-
1701,21 Savage,Person,US,Plaistow,-,-,1992-10-22,
1702,Softwilly,Person,US,None,-,-,1999-07-01,
1703,E the profit,None,None,None,-,-,None,None
1704,Pouya,Person,US,Miami,-,-,1994-12-20,
1705,XANAKIN SKYWOK,Person,None,None,-,-,None,None
1706,Charlie Farley,Person,None,None,-,-,None,None
1707,Lil Darkie,Person,None,None,-,-,None,None
1708,Kuma,Person,None,None,-,-,None,None
1709,Crucifix,Group,US,Berkeley,1980,True,-,-
1710,Lil Eazzyy,None,None,None,None,None,-,-
1711,BabyTron,Person,US,Ypsilanti,-,-,2000-06-06,
1712,Lul Tys,None,None,None,-,-,None,None
1713,Kalan.FrFr,Person,US,None,-,-,None,None
1714,BRS Kash,Person,None,Atlanta,-,-,1993-05-15,
1715,JELEEL!,Person,US,None,-,-,None,None
1716,SSGKobe,Person,US,None,-,-,2003-12-02,
1717,Kenndog,Person,None,None,-,-,None,None
1718,Joseph Saba,Person,US,Wilkes-Barre,-,-,1971-01-18,
1719,03 Greedo,Person,US,"Watts, Los Angeles",-,-,1987-07-26,
1720,Gunna,Person,US,College Park,-,-,1993-06-14,
1721,C‐Kan,Person,MX,Guadalajara,-,-,1987-07-26,
1722,Shordie Shordie,Person,US,None,-,-,1996,
1723,Fredo Bang,Person,US,None,-,-,None,None
1724,[unknown],Other,XW,None,-,-,None,None
1725,ilyTOMMY,Person,None,Virginia,-,-,2000-03-16,
1726,Lil Zay Osama,Person,US,Douglas,-,-,1997-06-03,
1727,Bravo the Bagchaser,Person,US,None,-,-,None,None
1728,Cookiee Kawaii,Person,None,None,-,-,None,None
1729,Kaliii,Person,US,Atlanta,-,-,2000-07-29,
1730,Frostydasnowmann,Person,None,None,-,-,None,None
1731,Jackboy,Person,US,Florida,-,-,1997-08-27,
1732,Marlon Craft,Person,US,Manhattan,-,-,1993-02-27,
1733,Lil Kapow,None,None,None,-,-,None,None
1734,Quevedo,Person,None,Madrid,-,-,2001-12-07,
1735,Mooski,Group,None,None,None,None,-,-
1736,Mach‐Hommy,Person,US,Newark,-,-,None,None
1737,Dew‐Scented,Group,DE,Braunschweig,1992,True,-,-
1738,SaySoTheMac,None,None,None,None,None,-,-
1739,MC Virgins,Group,None,San Diego,2018,,-,-
1740,G Herbo,Person,US,Chicago,-,-,1994-11-08,
1741,iann dior,Person,US,Arecibo,-,-,1998-03-25,
1742,Wiz Khalifa,Person,US,Minot,-,-,1987-09-08,
1743,Sheff G,Person,None,Brooklyn,-,-,1998-09-23,
1744,Struggle Jennings,Person,US,Nashville,-,-,None,None
1745,Young Nudy,Person,US,Atlanta,-,-,1992-12-17,
1746,MBNel,Person,US,None,-,-,None,None
1747,Acito,Person,None,None,-,-,None,None
1748,BBY KODIE,None,None,None,-,-,None,None
1749,Larry June,Person,US,San Francisco,-,-,1991-04-08,
1750,YNG Martyr,Person,None,None,-,-,None,None
1751,Alex Zurdo,Person,PR,Trujillo Alto,-,-,1983-06-10,
1752,Soulja Boy,Person,US,Chicago,-,-,1990-07-28,
1753,1100 Himself,None,None,None,-,-,None,None
1754,Tion Wayne,Person,None,None,-,-,None,None
1755,NoCap,Person,US,None,-,-,None,None
1756,Presence,Person,GB,Matlock,-,-,None,None
1757,Bladee,Person,SE,Stockholms län,-,-,1994-04-09,
1758,Falling in Reverse,Group,US,Las Vegas,2008,,-,-
1759,Anousheh Khalili,Person,US,None,-,-,None,None
1760,Natti Natasha,Person,DO,Santiago de los Caballeros,-,-,1986-12-10,
1761,Wallie the Sensei,None,None,None,-,-,None,None
1762,Rare Of Breed,Person,None,None,-,-,None,None
1763,Bris,Person,US,Sacramento,-,-,1995-10-09,True
1764,Freddie Gibbs,Person,US,Gary,-,-,1982-06-14,
1765,Wale,Person,US,"Washington, D.C.",-,-,1984-09-21,
1766,Lil Slugg,None,None,None,-,-,None,None
1767,G Perico,Person,US,None,-,-,None,None
1768,Johann Sebastian Bach,Person,DE,Eisenach,-,-,1685-03-21,True
1769,Killstation,Person,US,San Diego,-,-,1997-07-22,
1770,Fuego,Person,US,Washington,-,-,1981-09-24,
1771,Basco,Group,NL,None,None,None,-,-
1772,OhGeesy,Person,None,Los Angeles,-,-,None,None
1773,BE’O,Person,KR,Gwangmyeong,-,-,2000-04-27,
1774,FJ Outlaw,None,None,None,-,-,None,None
1775,Kieran the Light,None,None,None,-,-,None,None
1776,Johnny Paycheck,Person,US,Greenfield,-,-,1938-05-31,True
1777,Powfu,Person,CA,Vancouver,-,-,1999-03-31,
1778,Fat Joe,Person,US,The Bronx,-,-,1970-08-19,
1779,Bottleneck,Group,None,None,None,None,-,-
1780,Grandayy,Person,MT,None,-,-,1994-06-01,
1781,Elijah,Person,CH,Zurich,-,-,1986-08-20,
1782,Bandmanrill,Person,US,None,-,-,None,None
1783,Jayson Lyric,None,None,None,-,-,None,None
1784,Ciscaux,Person,None,None,-,-,None,None
1785,Bankrol Hayden,None,None,None,-,-,None,None
1786,French Montana,Person,US,Rabat,-,-,1984-11-09,
1787,HXLLYWOOD,None,None,None,-,-,None,None
1788,Bill Nelson,Person,GB,Wakefield,-,-,1948-12-18,
1789,Black Kray,Person,US,Richmond,-,-,1994-02-23,
1790,Ty Dolla $ign,Person,US,Los Angeles,-,-,1985-04-13,
1791,Kid Cudi,Person,US,Cleveland,-,-,1984-01-30,
1792,Ghostemane,Person,US,Lake Worth,-,-,1991-04-15,
1793,Chris Brown,Person,US,Tappahannock,-,-,1989-05-05,
1794,Rude-α,Person,JP,Okinawa,-,-,1997-02-08,
1795,Lil God Dan,None,None,None,-,-,None,None
1796,Future,Person,US,Atlanta,-,-,1983-11-20,
1797,Metro Boomin,Person,US,St. Louis,-,-,1993-09-16,
1798,Kendrick Lamar,Person,US,Compton,-,-,1987-06-17,
1799,Montell Fish,Person,US,None,-,-,1997-10-19,
1800,Quavo,Person,US,Lawrenceville,-,-,1991-04-02,
1801,Lil Uzi Vert,Person,US,Francisville,-,-,1995-07-31,
1802,Destroy Lonely,Person,US,Atlanta,-,-,2001-07-08,
1803,XXXTENTACION,Person,US,Plantation,-,-,1998-01-23,True
1804,Joey Bada$$,Person,US,Flatbush,-,-,1995-01-20,
1805,Freddie Dredd,Person,CA,Oshawa,-,-,1997-09-19,
1806,Yung Gravy,Person,US,Rochester,-,-,1996-03-19,
1807,Rich Amiri,Person,None,Massachusetts,-,-,2004-02-06,
1808,Baby Smoove,Person,US,Detroit,-,-,1996-12-03,
1809,King Von,Person,US,Chicago,-,-,1994-08-09,True
1810,CoCo,Group,JP,None,1989-09-06,True,-,-
1811,Flo Milli,Person,None,Mobile,-,-,2000-01-09,
1812,Nigo,Person,JP,None,-,-,1970-12-23,
1813,Dr. Dre,Person,US,Compton,-,-,1965-02-18,
1814,RM,Person,KR,Goyang,-,-,1994-09-12,
1815,Ella Mai,Person,GB,London,-,-,1994-11-03,
1816,Whethan,Person,US,Chicago,-,-,1999-05-25,
1817,SoFaygo,Person,None,Grand Rapids,-,-,2002-10-03,
1818,PSY,Person,KR,Gangnam District,-,-,1977-12-31,
1819,Benny the Butcher,Person,None,Buffalo,-,-,1984-11-27,
1820,5ive,Group,US,Boston,2000,,-,-
1821,smokedope2016,Person,None,None,-,-,2001-05-28,
1822,Jdot Breezy,Person,US,None,-,-,None,None
1823,Lil Shordie Scott,None,None,None,-,-,None,None
1824,Rucci,Person,None,None,-,-,None,None
1825,UnoTheActivist,Person,US,Atlanta,-,-,1996-04-13,
1826,NAV,Person,CA,Toronto,-,-,1989-11-03,
1827,Cardi B,Person,US,The Bronx,-,-,1992-10-11,
1828,Tae Retro,None,None,None,-,-,None,None
1829,Helen Forrest,Person,US,Atlantic City,-,-,1917-04-12,True
1830,Grioten,None,None,None,-,-,None,None
1831,Fivio Foreign,Person,None,Brooklyn,-,-,1990-03-29,
1832,AzChike,Person,None,None,-,-,None,None
1833,Savage Ga$p,Person,None,None,-,-,None,None
1834,Rollin Thrax,Person,None,None,-,-,None,None
1835,Rylo Rodriguez,Person,US,Mobile,-,-,1993-09-30,
1836,Black Eyed Peas,Group,US,Los Angeles,1995,,-,-
1837,Hardrock,Person,None,None,-,-,None,None
1838,BFG Straap,None,None,None,-,-,None,None
1839,A$AP Rocky,Person,US,Harlem,-,-,1988-10-03,
1840,Dusty Springfield,Person,GB,West Hampstead,-,-,1939-04-16,True
1841,Chance the Rapper,Person,US,Chicago,-,-,1993-04-16,
1842,Ab‐Soul,Person,US,Los Angeles,-,-,1987-02-23,
1843,Nas,Person,US,Brooklyn,-,-,1973-09-14,
1844,Rob49,Person,US,None,-,-,1999-03-06,
1845,2 Chainz,Person,US,College Park,-,-,1976-09-10,
1846,King Combs,Person,None,None,-,-,None,None
1847,P‐Lo,Person,US,None,-,-,None,None
1848,Lil Pete,Person,None,None,-,-,None,None
1849,Usher,Person,US,Dallas,-,-,1978-10-14,
1850,YhapoJJ,None,None,None,-,-,None,None
1851,YungManny,None,None,None,-,-,None,None
1852,Conradfrmdaaves,None,None,None,-,-,None,None
1853,Chimbala,Person,DO,Santo Domingo,-,-,1991-05-18,
1854,Trip Lee,Person,US,Dallas,-,-,1987-12-17,
1855,Offset,Person,US,Lawrenceville,-,-,1991-12-14,
1856,Again Again,Group,GB,None,None,None,-,-
1857,DIRTYXAN,Person,US,None,-,-,None,None
1858,ShittyBoyz,Group,None,None,None,None,-,-
1859,Soge Culebra,Person,ES,None,-,-,None,None
1860,Kehlani,Person,US,Oakland,-,-,1995-04-24,
1861,Warhol.SS,Person,None,None,-,-,None,None
1862,Jay Park,Person,KR,Edmonds,-,-,1987-04-25,
1863,Cold Hart,Person,None,United States,-,-,1994-08-03,
1864,Kevin Powers,Person,US,None,-,-,None,None
1865,IU,Person,KR,Seoul,-,-,1993-05-16,
1866,Ramirez,Group,IT,None,None,None,-,-
1867,Coi Leray,Person,US,New Jersey,-,-,1997-05-11,
1868,Jades,Group,DE,None,2008,,-,-
1869,Kado,Group,None,None,None,None,-,-
1870,Jim Jones,Person,US,The Bronx,-,-,1976-07-15,
1871,KINGMOSTWANTED,None,None,None,-,-,None,None
1872,Bulin 47,None,None,None,-,-,None,None
1873,Snow Strippers,Group,US,Florida,2021,,-,-
1874,Crazy Design,None,None,None,None,None,-,-
1875,Yo Gotti,Person,US,Memphis,-,-,1981-05-19,
1876,GMK,Person,US,None,-,-,None,None
1877,Yung Kage,None,None,None,-,-,None,None
1878,Ecco2K,Person,None,London,-,-,1994-10-23,
1879,Fabvl,Person,None,None,-,-,None,None
1880,Shiki(TMNS),Person,None,None,-,-,None,None
1881,Fetty Wap,Person,US,Paterson,-,-,1990-06-07,
1882,Ensemble JFW,Group,None,None,None,None,-,-
1883,Vin Jay,None,None,None,None,None,-,-
1884,xaviersobased,Person,US,New York,-,-,2003-10-23,
1885,Quando Rondo,Person,None,Savannah,-,-,1999,
1886,Mighty Bay,None,None,None,-,-,None,None
1887,50 Cent,Person,US,South Jamaica,-,-,1975-07-06,
1888,Ralfy the Plug,Person,US,Los Angeles,-,-,None,None
