id_artista,Tipo,País de Origen,Área de Origen,Inicio de actividad,Fin de actividad,Fecha nacimiento,Fecha fallecimiento
1,Person,CA,Brampton,-,-,1992-07-27,
2,Person,,Bath,-,-,2001-04-19,
3,Person,PH,Manila,-,-,1990-05-28,
4,Person,,"Washington, D.C.",-,-,2000-06-22,
5,Person,CA,Calgary,-,-,2003-07-01,
6,Person,US,Murrieta,-,-,2003-02-20,
7,Group,US,,,,-,-
8,Person,US,Los Angeles,-,-,2001-12-18,
9,Person,CA,London,-,-,1994-03-01,
10,Person,GB,Halifax,-,-,1991-02-17,
11,Person,US,West Reading,-,-,1989-12-13,
12,Person,US,Tarzana,-,-,1995-10-21,
13,Person,,Antioch,-,-,1984-12-04,
14,Person,CA,Toronto,-,-,1986-10-24,
15,Person,US,,-,-,1987-05-21,
16,Person,GB,Tottenham,-,-,1988-05-05,
17,Person,US,San Francisco,-,-,2000-11-13,
18,Person,PR,San Juan,-,-,1993-01-10,
19,Group,,Los Angeles,2016,,-,-
20,Person,US,Manhattan,-,-,1985-06-21,
21,Group,IT,Roma,2016,,-,-
22,Person,,,-,-,,
23,Person,US,Honolulu,-,-,1985-10-08,
24,Person,US,Baskin,-,-,1992-05-19,
25,Person,US,Secaucus,-,-,1992-09-26,
26,Group,US,Lawrenceville,2008,True,-,-
27,Person,US,Philadelphia,-,-,1992-05-19,
28,Person,US,Atlanta,-,-,1998-08-18,
29,,,,-,-,,
30,Person,US,Nashville,-,-,1996-12-16,
31,Person,,,-,-,,
32,Person,US,Sevierville,-,-,1997-12-20,
33,Person,US,New Orleans,-,-,1975-11-26,
34,Person,US,,-,-,2011,
35,Group,US,Los Angeles,2002,,-,-
36,Person,US,Coeur d'Alene,-,-,,
37,Person,GB,Reading,-,-,1995-10-06,
38,Person,US,Chicago,-,-,1992-10-19,
39,Person,CA,Scarborough,-,-,1990-02-16,
40,Person,,New Jersey,-,-,,
41,Person,FR,Paris,-,-,1986-06-13,
42,Person,NG,Lagos,-,-,1995-06-11,
43,Group,,,,,-,-
44,Group,US,Colorado Springs,2004,,-,-
45,Group,US,The Bronx,1994,,-,-
46,Person,US,Austin,-,-,1974-11-02,
47,Person,GH,,-,-,1994-07-04,
48,Person,CO,Córdoba,-,-,2000-04-12,
49,Other,,,,,,
50,Person,CO,Medellín,-,-,1992-08-19,
51,Person,US,Los Angeles,-,-,1995-12-06,
52,Person,CA,Toronto,-,-,1994-03-23,
53,Person,US,Conroe,-,-,1992-06-15,
54,Person,US,Strafford,-,-,1997-01-01,
55,Person,ES,Mallorca,-,-,1998,
56,Person,,Iloilo City,-,-,2000-06-03,
57,Group,US,Los Angeles,2016,,-,-
58,Group,GB,Birmingham,1978,,-,-
59,Person,US,,-,-,,
60,Person,US,,-,-,,
61,Person,US,Worcester,-,-,1988-08-17,
62,,,,,,,
63,Person,US,Syracuse,-,-,1995-07-04,
64,Group,US,Las Vegas,2008,,-,-
65,Person,US,,-,-,,
66,,,,,,,
67,,,,,,,
68,Person,US,,-,-,,
69,Person,US,,-,-,,
70,Person,GB,Newcastle upon Tyne,-,-,1978-09,
71,Group,KR,Seoul,2020-09-18,,-,-
72,Person,US,Tallahassee,-,-,1998-03-24,
73,Person,,,-,-,1995-04-05,
74,,,,,,,
75,Person,US,Atlantic County,-,-,2002-08-06,
76,Person,,,-,-,1993,
77,Person,,Florida,-,-,2002-07-13,
78,,,,,,,
79,Group,GB,Cardiff,2016-08-01,,-,-
80,Person,NL,Coevorden,-,-,1980-02-27,
81,Group,CA,Montréal,2014-02-06,,-,-
82,Group,CA,Montréal,1999,,-,-
83,Person,US,,-,-,,
84,Person,NL,Breda,-,-,1969-01-17,
85,Person,US,Palo Alto,-,-,1996-02-02,
86,Person,US,Cedartown,-,-,1984-12-08,
87,Person,US,,-,-,,
88,Person,US,Jersey City,-,-,1940-06-08,
89,Person,KR,Auckland,-,-,1997-02-11,
90,Person,BE,Brussels,-,-,1993-11-30,
91,Person,US,Cleveland,-,-,1991-12-22,
92,Person,,,-,-,,
93,Person,US,Nassau County,-,-,1999-03-05,
94,Person,US,Oakland,-,-,1992-06-23,
95,Person,,North Carolina,-,-,,
96,Person,US,New Orleans,-,-,1986-02-05,
97,Person,US,St. Louis,-,-,1989-11-08,
98,Person,NO,Horten,-,-,1999-02-16,
99,Person,US,Pasadena,-,-,1994-08-17,
100,Person,US,Bucks County,-,-,1999-05-11,
101,Group,CO,,,,-,-
102,Person,,Pontiac,-,-,1997-10-10,
103,,,,,,,
104,Group,US,Philadelphia,2013,,-,-
105,,,,,,,
106,Group,GB,London,1996-09,,-,-
107,Person,,Knoxville,-,-,,
108,Person,PR,San Juan,-,-,1989-08-09,
109,,,,,,,
110,Person,AU,Johannesburg,-,-,1995-06-05,
111,Person,US,Gladwin,-,-,1991-03-30,
112,Person,US,,-,-,,
113,Person,US,,-,-,1995,
114,Person,US,Los Angeles,-,-,2000-10-31,
115,Person,US,Monroe,-,-,2002-06-25,
116,Person,,London,-,-,1989-06-10,
117,,,,,,,
118,,,,,,,
119,Person,,Tustin,-,-,2002-05-15,
120,Group,US,Newbury Park,2011-08,,-,-
121,Group,,,,,-,-
122,Person,,,-,-,,
123,Group,KR,Seoul,2017-10-17,,-,-
124,Person,US,Kalamazoo,-,-,1986-11-02,
125,Group,KR,Seoul,2015-07-07,,-,-
126,Person,,White House,-,-,,
127,Person,GB,Bewdley,-,-,1994-02-14,
128,Group,FR,Nantes,2018,True,-,-
129,Group,GB,Oxford,2010-01-01,,-,-
130,,,,,,,
131,Person,,London,-,-,1995-08-22,
132,Person,,Carlsbad,-,-,2000-09-18,
133,Person,CO,Cartagena,-,-,1987-10-29,
134,Group,,,,,-,-
135,Group,JP,,2019-09-30,,-,-
136,Group,KR,Seoul,2013-06-13,,-,-
137,Person,,,-,-,,
138,Group,KR,Seoul,2019-01-10,,-,-
139,Person,US,Pangasinan,-,-,1997-02-08,
140,,,,-,-,,
141,Person,US,Louisville,-,-,1998-03-13,
142,Person,US,Boca Raton,-,-,1993-06-26,
143,,,,,,,
144,,,,,,,
145,Person,FR,Paris,-,-,1967-11-07,
146,Person,US,Tyler,-,-,2000-02-18,
147,Person,US,Philadelphia,-,-,1987-04-09,
148,Group,KR,Seoul,2019,,-,-
149,Person,US,Detroit,-,-,1988-04-27,
150,Person,US,Doylestown,-,-,1979-09-08,
151,Group,AU,,2010,,-,-
152,Group,KR,Seoul,2020-10-25,,-,-
153,Person,,,-,-,,
154,Person,,Brynmawr,-,-,1985-10-10,
155,Person,US,Mazomanie,-,-,1986-02-23,
156,Person,,,-,-,,
157,,,,,,,
158,Person,,,-,-,,
159,Person,US,Reston,-,-,1988-03-08,
160,Person,KR,Seoul,-,-,1993-05-16,
161,,,,,,,
162,Person,,United States,-,-,2004-09-22,
163,Person,CA,Pickering,-,-,1998-08-08,
164,Person,US,Kansas City,-,-,1971-11-08,
165,Person,,,-,-,,
166,,,,-,-,,
167,Person,US,Houston,-,-,1990-04-22,
168,Group,KR,Seoul,2015-05-26,,-,-
169,,,,,,,
170,Person,US,Maplewood,-,-,1999-02-07,
171,Group,KR,Seoul,2021-11-01,,-,-
172,Person,US,Los Angeles,-,-,1983-12-03,
173,Person,US,Lemon Grove,-,-,1998-12-05,
174,Person,US,Saint James,-,-,1982-12-08,
175,Person,US,Texas,-,-,2001-02-08,
176,Group,US,San Francisco,2015-02,,-,-
177,Person,US,,-,-,,
178,,,,,,,
179,Person,SE,Stockholm,-,-,1991-07-07,
180,Person,JP,,-,-,,
181,,,,,,,
182,Group,SE,Stockholm,2012-03-01,,-,-
183,Group,KR,Seoul,2019-01-20,,-,-
184,Person,,,-,-,,
185,Person,AU,Melbourne,-,-,1987-12-01,
186,,,,,,,
187,Person,US,Asbury Park,-,-,1994-03-19,
188,Person,,,-,-,,
189,,,,,,,
190,Person,,,-,-,,
191,Person,CO,Medellín,-,-,1994-01-28,
192,Person,US,New York,-,-,1988-06-16,
193,Person,US,,-,-,,
194,Person,CA,Vancouver,-,-,,
195,Person,,,-,-,,
196,Group,KR,Seoul,2018-10-24,,-,-
197,Person,US,,-,-,,
198,Group,,,,,-,-
199,Group,US,Nashville,2010,True,-,-
200,Group,US,Los Angeles,1992-02-14,,-,-
201,Person,,California,-,-,1985,
202,Person,US,,-,-,,
203,Person,,Texas,-,-,1998-02-06,
204,Group,US,Columbus,2009,,-,-
205,Person,GB,Watford,-,-,1993-06-19,
206,Person,,Toronto,-,-,1994-11-11,
207,Person,CA,Portsmouth,-,-,2003-09-28,
208,Person,AR,Argentina,-,-,1998,
209,Person,US,Daytona Beach,-,-,1990-11-27,
210,Person,US,Atlanta,-,-,1990-10-31,
211,Group,AU,Melbourne,2011,,-,-
212,Group,IT,Milano,,,-,-
213,Person,SE,Solna municipality,-,-,1997-12-16,
214,Person,SE,Ystad,-,-,1986-03-18,
215,Person,,,-,-,,
216,Person,US,Southfield,-,-,1991-09-21,
217,Person,US,Newark,-,-,1963-08-09,True
218,Person,US,California,-,-,2004-01-02,
219,Person,US,Tupelo,-,-,1978-11-10,
220,Group,US,,,,-,-
221,Person,US,Philadelphia,-,-,1987-05-06,
222,Person,GB,Wales,-,-,1988-07-02,
223,,JP,,-,-,,
224,Person,US,Clearwater,-,-,,
225,Group,US,,2013,,-,-
226,Person,US,,-,-,,
227,Person,US,Miami,-,-,1989-09-21,
228,Person,US,Alexandria,-,-,1994-07-17,
229,Person,US,,-,-,,
230,Person,,Detroit,-,-,2002-09-29,
231,Person,CO,Bucaramanga,-,-,1987-03-22,
232,Person,GB,,-,-,,
233,,,,-,-,,
234,Person,US,Grand Prairie,-,-,1992-07-22,
235,,,,,,,
236,Person,BR,Rio de Janeiro,-,-,1993-03-30,
237,Person,US,Richmond,-,-,1995-05-02,
238,Group,KR,Seoul,2020-10-11,,-,-
239,,,,,,,
240,Person,US,Chapel Hill,-,-,1992-07-15,
241,Person,US,Wales,-,-,1997-09-09,
242,Person,US,Bay City,-,-,1958-08-16,
243,Person,NZ,Takapuna,-,-,1996-11-07,
244,Person,CA,Edmonton,-,-,1995-07-02,
245,Person,US,Atlanta,-,-,1996-05-31,
246,,,,,,,
247,Group,US,Nashville,2014,,-,-
248,Person,,New York,-,-,1995-08-02,
249,Person,PA,Colón,-,-,1993-12-03,
250,Person,,,-,-,,
251,,,,,,,
252,Person,GB,,-,-,,
253,Person,US,Michigan,-,-,1992-05-06,
254,Person,US,Chicago,-,-,1990-12-26,
255,Group,,Gainesville,2013,,-,-
256,Person,NO,Rennebu,-,-,1996-10-29,
257,Person,CA,,-,-,,
258,Person,US,Compton,-,-,1989-11-19,
259,Person,KR,Bucheon,-,-,1992-05-06,
260,Person,US,Arizona,-,-,,
261,Person,,,-,-,,
262,,,,,,,
263,Person,GB,Enfield,-,-,1988-09-26,
264,Person,NG,Lagos,-,-,1990-07-16,
265,Person,US,Cojímar,-,-,1997-03-03,
266,Person,,Indiana,-,-,,
267,Group,,London,2012,,-,-
268,Group,,,,,-,-
269,Person,GB,Kings Langley,-,-,2001-01-21,
270,Person,US,Los Angeles,-,-,1992-09-17,
271,,,,,,,
272,,,,,,,
273,Person,,Bradford,-,-,1993-01-12,
274,Person,US,South Korea,-,-,,
275,,,,,,,
276,Person,US,Ravensdale,-,-,1981-06-01,
277,Person,US,League City,-,-,1996-07-23,
278,Person,US,San Diego,-,-,1995-12-22,
279,Person,US,Portland,-,-,1994-04-18,
280,Person,GB,,-,-,,
281,,,,,,,
282,Group,JP,Tokyo,2017-04-27,,-,-
283,Person,CA,Montréal,-,-,1996-02-18,
284,Person,US,Odenton,-,-,,
285,Person,US,New London,-,-,1992-01-11,
286,Group,DE,Kassel,2012,,-,-
287,,,,,,-,-
288,Group,US,Cincinnati,2006,,-,-
289,Other,US,New York,2015-07-30,,,
290,Group,KR,Seoul,2019-12,,-,-
291,Person,ES,Madrid,-,-,1975-05-08,
292,Person,US,Miami,-,-,1981-01-15,
293,Person,US,Cleveland,-,-,1993-01-30,
294,Person,DE,Viersen,-,-,1990-09-29,
295,Group,,Sydney,2012-04-01,True,-,-
296,Person,FR,,-,-,1997,
297,Group,KR,Seoul,2014-08-01,,-,-
298,,,,,,,
299,Person,NG,Port Harcourt,-,-,1994-07-24,
300,Group,US,New York,2008,,-,-
301,Person,FR,Lille,-,-,1987-03-30,
302,Person,NG,Ogun,-,-,1994-05-01,
303,Person,,Philadelphia,-,-,1999-09-21,
304,,,,,,,
305,Person,,Ogun,-,-,1996-02-05,
306,Group,MX,,,,-,-
307,Person,,,-,-,1993-01-20,
308,Person,US,New York,-,-,1989-08-30,
309,Person,,,-,-,,
310,Person,US,,-,-,2000,
311,Person,NL,Amstelveen,-,-,1996-05-15,
312,Person,,,-,-,,
313,Person,KR,Windsor,-,-,2001-03-09,
314,Person,,,-,-,,
315,,,,,,,
316,Group,CA,Montréal,2001,,-,-
317,Group,MX,Guadalajara,1986,,-,-
318,Person,KR,Hong Kong,-,-,1994-03-28,
319,Group,GB,,2002,,-,-
320,Person,,,-,-,,
321,Group,US,Chicago,1997,,-,-
322,Group,JP,,,,-,-
323,Person,US,Los Angeles,-,-,1988-01-15,
324,Group,GB,,2012,,-,-
325,Person,US,Washington,-,-,1994-09-29,
326,Person,US,San Antonio,-,-,1995-02-15,
327,Person,,,-,-,,
328,Person,US,Gaithersburg,-,-,1990-01-22,
329,Person,US,Fort Worth,-,-,1982-04-24,
330,Person,PH,Philippines,-,-,2000-12-06,
331,Group,US,Huntington Beach,1984,,-,-
332,Group,CO,Bogotá,2015,,-,-
333,Person,US,Nashville,-,-,1989-02-17,
334,Person,AR,Buenos Aires,-,-,1997-03-21,
335,Person,KR,Seoul,-,-,1993-07-18,
336,Person,US,,-,-,,
337,Person,US,Morehead,-,-,1996-12-15,
338,,,,,,,
339,Person,US,Atlanta,-,-,,
340,Group,AR,Buenos Aires,1985-01-19,,-,-
341,Person,,,-,-,,
342,Person,US,Lafayette,-,-,2000-10-06,
343,Person,US,The Bronx,-,-,1977-05-14,
344,Person,US,Fairfax,-,-,1995-05-09,
345,Person,SY,,-,-,,
346,Person,CA,Mississauga,-,-,1996-07-11,
347,Person,US,Inglewood,-,-,1998-06-26,
348,,,,,,,
349,,,,,,,
350,Person,SE,,-,-,1999,
351,,,,,,,
352,Person,,,-,-,,
353,Person,FR,Tassin-la-Demi-Lune,-,-,1983-03-16,
354,,,,,,,
355,Person,GB,Brighton and Hove,-,-,1984-05-17,
356,Group,US,,1986,True,-,-
357,Group,CA,Toronto,2014,,-,-
358,Person,DE,,-,-,,
359,Group,,,,,-,-
360,,,,,,,
361,Person,,Durban,-,-,1997-08-19,
362,Person,DE,Germany,-,-,,
363,,,,,,,
364,Person,US,United States,-,-,2001-06-02,
365,,,,,,,
366,,,,,,,
367,Person,US,New York,-,-,2001-11-07,
368,Person,MX,Mexico,-,-,1986-03-15,
369,,,,,,,
370,,,,,,,
371,Person,,Montgomery,-,-,1993-02-05,
372,Person,US,Warner Robins,-,-,1992-12-01,
373,Person,ES,Caracas,-,-,1989-10-14,
374,Person,US,Maplewood,-,-,1988-11-30,
375,Group,MX,Mexicali,2003,,-,-
376,Person,,,-,-,1987-10-05,
377,Person,GB,Pinner,-,-,1947-03-25,
378,Group,US,,,,-,-
379,Person,US,Valdosta,-,-,1990-03-30,
380,Person,US,Macon,-,-,1977-02-28,
381,Person,US,Los Angeles,-,-,1989-07-03,
382,Group,US,Monaghan,2015,,-,-
383,Group,US,Frankenmuth,2012,,-,-
384,Person,US,San Diego,-,-,1984-04-05,
385,Person,US,,-,-,1971-11-29,
386,Group,US,Boston,2004,,-,-
387,,,,,,-,-
388,Person,US,Lafayette,-,-,1991-09-09,
389,Person,US,Nashville,-,-,1989-08-17,
390,Group,US,Vacaville,1993,,-,-
391,Group,,,,,-,-
392,Person,US,,-,-,1993-10-09,
393,Group,GB,Liverpool,2003,,-,-
394,Person,US,Clanton,-,-,1972-12-25,
395,Group,US,Nashville,2007,,-,-
396,Group,,Boston,2018,,-,-
397,Person,GB,Walton,-,-,1942-06-18,
398,Group,US,Los Angeles,2018-11-03,,-,-
399,Group,US,Los Angeles,2009,,-,-
400,Person,US,Asheville,-,-,1986-09-19,
401,Person,US,Santa Barbara,-,-,,
402,Group,US,,1994,,-,-
403,Person,US,Haverhill,-,-,1965-01-12,
404,Group,US,Detroit,1997-07-14,True,-,-
405,Group,GB,Redcliffe,1958,True,-,-
406,Person,US,Bonanza,-,-,1979-01-21,
407,Group,US,Chicago,2017,,-,-
408,Group,US,Nashville,2007,,-,-
409,Person,,,-,-,,
410,Group,,,,,-,-
411,Person,US,Milton,-,-,1986-06-18,
412,Person,US,Mobile,-,-,1979-12-27,
413,Person,CA,Toronto,-,-,1996-10-03,
414,Group,US,Dahlonega,2000,,-,-
415,Group,DK,Copenhagen,2001-10,,-,-
416,,,,,,,
417,Person,US,Leesburg,-,-,1976-07-17,
418,Person,US,Lafayette,-,-,1978-01-12,
419,Group,US,Toledo,1996,,-,-
420,Group,,,,,-,-
421,Person,,,-,-,,
422,Person,GB,North Shields,-,-,1994-04-25,
423,Group,US,New Albany,2011,,-,-
424,,,,,,,
425,,,,,,,
426,Person,US,Bastrop,-,-,1990-10-22,
427,Person,CA,Englewood,-,-,1993-10-25,
428,Person,US,Glennville,-,-,1983-06-30,
429,Person,US,Milwaukee,-,-,1980-04-24,
430,Group,US,San Francisco,1966,,-,-
431,Group,DK,,,,-,-
432,,,,,,,
433,,,,,,,
434,Group,US,Jacksonville,1994,,-,-
435,Group,,Boston,2013,,-,-
436,Group,CA,Hanna,1995,,-,-
437,Group,US,Daytona Beach,1999,,-,-
438,,,,,,,
439,Group,US,Durham,2007,,-,-
440,,,,,,,
441,,,,,,,
442,Person,,,-,-,,
443,Person,CO,Bogotá,-,-,1984-05-04,
444,Group,GB,,2003,,-,-
445,Person,US,Manhattan,-,-,1964-05-30,
446,Person,AU,Sydney,-,-,1986-01-20,
447,Group,US,United States,2003-02,,-,-
448,Group,CO,Bogotá,2007,,-,-
449,Group,US,Isla Vista,2004,,-,-
450,Person,US,Oklahoma City,-,-,1986-11-06,
451,Person,,,-,-,1980-08-18,
452,,,,,,,
453,Group,US,Minneapolis,2013,,-,-
454,Person,US,,-,-,,
455,Person,US,Jefferson,-,-,1985-01-20,
456,Group,,Los Angeles,2006-09-30,,-,-
457,Person,GB,West Bromwich,-,-,1948-08-20,
458,Group,AU,Sydney,2018-06-01,,-,-
459,Person,,Doncaster,-,-,1997-08-05,
460,Group,GB,London,1962,,-,-
461,Group,GB,Worthing,2013-01,,-,-
462,Group,,,,,-,-
463,Group,US,Bergen County,2013,,-,-
464,Person,,Aston,-,-,1948-12-03,
465,,,,,,,
466,Group,US,Texas,2001,,-,-
467,Group,GB,London,2010,,-,-
468,Group,CA,Windsor,2011,,-,-
469,Group,US,Atlanta,2005,,-,-
470,,,,,,,
471,Group,GB,Leyton,1975-12-25,,-,-
472,Group,US,Seneca,2000,,-,-
473,Group,US,Huntington Beach,1996,,-,-
474,Person,,,-,-,,
475,Group,US,Grayslake,1994,,-,-
476,Group,US,Los Angeles,1998,,-,-
477,Group,US,,2010,,-,-
478,,,,,,-,-
479,Person,US,Yuba City,-,-,1986-02-24,
480,Person,US,Wilmette,-,-,1985-06-30,
481,Group,,,2013,,-,-
482,Person,,,-,-,,
483,Group,GB,Isle of Wight,2019,,-,-
484,Group,US,Los Angeles,2015,,-,-
485,Person,US,Royal Oak,-,-,1991-11-17,
486,Group,US,,,,-,-
487,Person,US,Murfreesboro,-,-,1991-10-19,
488,Group,AU,Mooloolaba,1985,,-,-
489,Person,GB,Stanmore,-,-,1955-11-30,
490,Group,VE,Caracas,2007,,-,-
491,Group,US,Baltimore,2003,,-,-
492,,,,,,,
493,Group,GB,London,1964-02,,-,-
494,Person,US,Aledo,-,-,1999-08-10,
495,Group,GB,Abingdon-on-Thames,1991,,-,-
496,Group,US,,2006-07-10,,-,-
497,,,,,,,
498,Group,US,Buffalo,1986,,-,-
499,Person,,,-,-,,
500,Group,CA,Vancouver,2005,,-,-
501,Group,JP,Tokyo,2010-03-07,,-,-
502,,,,,,,
503,Person,,,-,-,,
504,Person,US,Indianapolis,-,-,1952-08-20,
505,,,,,,,
506,Person,US,Fort Worth,-,-,1962-03-18,
507,Group,US,Nashville,1999,,-,-
508,Group,JP,Tokyo,2015-06,,-,-
509,Group,GB,London,1970-06-27,True,-,-
510,Person,US,Eustis,-,-,1988-04-29,
511,Group,US,Manhattan,2014,,-,-
512,Person,US,Burgin,-,-,,
513,Person,US,,-,-,,
514,Person,US,New York,-,-,1985-05-18,
515,Group,SE,Linköping,2008,,-,-
516,Person,JP,Fukuoka,-,-,1986-12-16,
517,Group,MX,Cuernavaca,1997,,-,-
518,Group,GB,,2010-01,,-,-
519,,,,,,-,-
520,,,,,,,
521,Person,,Newark,-,-,2003-09-26,
522,Group,US,Aberdeen,1987,True,-,-
523,Person,US,Olympia,-,-,1989-05-31,
524,Person,AU,Sydney,-,-,1987-11-03,
525,Group,US,Seattle,1994,,-,-
526,Group,GB,Bristol,2009,,-,-
527,Group,,,,,-,-
528,Group,IS,Keflavík,2010,,-,-
529,Group,US,Chicago,1999,,-,-
530,Group,US,California,,,-,-
531,Group,,Pittsburgh,2021,,-,-
532,Group,US,Seattle,2006,,-,-
533,Group,ES,San Sebastián,1996,,-,-
534,Person,,Massachusetts,-,-,1968-01-20,
535,Group,IE,Dublin,1976,,-,-
536,Group,US,Atlanta,1999,,-,-
537,Group,US,San Francisco,1965,True,-,-
538,Group,GB,Southend-on-Sea,2012,,-,-
539,Group,US,Duxbury,2006,,-,-
540,Person,,Athens,-,-,1988-10-02,
541,Group,GB,Liverpool,1960,True,-,-
542,Group,DE,Mannheim,2018,,-,-
543,Group,US,Los Angeles,2009,,-,-
544,Person,US,,-,-,,
545,,,,,,,
546,Person,,,-,-,,
547,Group,DE,Erlangen,2004,,-,-
548,Group,US,Las Vegas,2006,,-,-
549,Group,,Sydney,,,-,-
550,Person,US,Clinton,-,-,1981-02-26,
551,Group,US,Aberdeen,1995,,-,-
552,Group,CA,Burlington,2006,,-,-
553,,,,,,,
554,Group,CA,Cobourg,2015,,-,-
555,Group,,Peterborough,2015-08-01,,-,-
556,Group,,,,,-,-
557,,,,,,,
558,Person,US,Manhattan,-,-,1993-06-20,
559,Group,AU,Sydney,1977-08-16,True,-,-
560,Group,US,Fullerton,2004,,-,-
561,,,,,,-,-
562,Group,,,,,-,-
563,Person,JP,Seki,-,-,1987-06-24,
564,Person,US,Loganville,-,-,1991-04-07,
565,Group,US,Nashville,2008,,-,-
566,Person,,,-,-,,
567,Group,GB,Cambridge,2018,,-,-
568,Person,US,,-,-,1984-08-02,
569,Person,US,Baltimore,-,-,1999-06-16,
570,Person,US,Detroit,-,-,1975-07-01,
571,,,,,,,
572,Group,PR,San Juan,1996-05-16,,-,-
573,Group,US,Agoura Hills,1996,,-,-
574,Person,US,Grand Saline,-,-,1972-05-04,
575,Person,US,New York,-,-,1980-10-17,
576,Group,US,Silver Lake,2003,,-,-
577,,,,,,,
578,,,,,,,
579,Group,US,Berkeley,1989,,-,-
580,Group,US,Bakersfield,1993,,-,-
581,,,,,,,
582,Group,US,San Diego,1966,True,-,-
583,Group,US,Bellingham,1997,,-,-
584,,,,,,,
585,Person,ES,Madrid,-,-,1980-12-29,
586,Group,,Paris,2016-06,True,-,-
587,,,,,,,
588,Group,US,,2020,,-,-
589,Group,US,Detroit,1997,,-,-
590,Group,US,West Hollywood,2016,,-,-
591,Person,US,Kingsland,-,-,1932-02-26,True
592,Person,,North Carolina,-,-,1984-11-09,
593,Group,US,Los Angeles,2013,,-,-
594,Person,,Clovis,-,-,1989-03-15,
595,Group,,,,,-,-
596,Person,US,Chattanooga,-,-,,
597,Group,US,,2015,,-,-
598,Person,AU,Douglas,-,-,1946-09-01,
599,Group,,,2020,,-,-
600,Person,ES,Oviedo,-,-,1979-01-21,
601,Person,US,,-,-,,
602,Group,GB,Brighton,2011-12,,-,-
603,Group,US,Las Vegas,2001,,-,-
604,Person,,,-,-,1977-10-22,
605,Group,US,Los Angeles,2017,,-,-
606,Group,GB,London,2010,,-,-
607,Person,,Los Angeles,-,-,2000-10-02,
608,Group,US,Quincy,1996,,-,-
609,Group,US,Brooklyn,2008,,-,-
610,Person,,Birmingham,-,-,1989-01-04,
611,Person,US,Tulsa,-,-,1982-09-28,
612,Group,US,Nashville,,,-,-
613,Group,US,Montesano,1983,,-,-
614,,,,,,,
615,Group,,,,,-,-
616,Person,US,Zurich,-,-,1997-05-27,
617,Group,,Toronto,,,-,-
618,Group,US,,,,-,-
619,Group,,,2016,,-,-
620,Group,,Melbourne,2014,,-,-
621,Group,,Issaquah,1993,,-,-
622,Group,,Galway,2017,,-,-
623,Group,AU,,,,-,-
624,Group,US,San Diego,1995,,-,-
625,,,,,,,
626,Group,US,New York,2011,,-,-
627,Group,,Winsford,2013,,-,-
628,Group,US,Memphis,1996,,-,-
629,Group,GB,Bromley,2011,,-,-
630,Person,MX,Coatepec,-,-,1984-02-26,
631,Person,,,-,-,,
632,Group,US,Hollywood,2005,,-,-
633,Group,JP,Tokyo,2005-04,,-,-
634,Group,US,Brooklyn,2008-10-22,,-,-
635,Group,NL,Den Haag,1961-09-02,True,-,-
636,Person,ES,Almería,-,-,1979-06-05,
637,Group,US,Richmond,1979,,-,-
638,Group,US,Los Angeles,1989,,-,-
639,Person,GB,Highgate,-,-,1945-01-10,
640,Group,US,Edmonton,2001-06-04,,-,-
641,Group,US,San Diego,1992,,-,-
642,,,,,,,
643,Person,US,Tifton,-,-,1980-04-01,
644,Person,US,Detroit,-,-,1944-03-26,
645,Group,FR,Biarritz,2010,,-,-
646,Person,US,Philadelphia,-,-,1978-11-10,
647,,,,,,,
648,Group,CA,Mississauga,1975,,-,-
649,Group,US,New York,2013,,-,-
650,Group,JP,Mutsu,2007,,-,-
651,,,,,,,
652,Group,US,Atlanta,2000,,-,-
653,Person,US,Beaumont,-,-,1983-04-19,
654,,,,,,,
655,Group,US,Fayetteville,,,-,-
656,,,,,,,
657,Group,US,Los Angeles,1954,True,-,-
658,,,,,,,
659,Group,US,Cincinnati,2008-03-06,,-,-
660,Group,US,Columbia,2003,,-,-
661,,,,,,,
662,Group,,,2012,,-,-
663,Group,US,Akron,2001,,-,-
664,Person,CA,Toronto,-,-,1945-11-12,
665,Group,IE,Dublin,2001,,-,-
666,Group,,London,2013,,-,-
667,Group,VE,Maracaibo,,,-,-
668,,,,,,,
669,Group,,Essex,1999,,-,-
670,Group,,,,,-,-
671,Group,,Los Angeles,2013,,-,-
672,Group,US,,2012-02,,-,-
673,Group,US,Berkeley,1991,,-,-
674,Group,US,Palenville,2006,,-,-
675,Group,CA,Hamilton,2006,,-,-
676,Group,,,2004-08-01,,-,-
677,Person,IR,Tehran,-,-,1975-05-21,
678,Group,US,Vestavia Hills,2006,,-,-
679,Group,AR,,1986,,-,-
680,Group,,Long Beach,1986,,-,-
681,Group,US,New York,1961,True,-,-
682,Person,AU,Newcastle,-,-,1985-04-24,
683,,,,,,,
684,Group,AR,Buenos Aires,1978,True,-,-
685,Person,US,Paris,-,-,1986-03-23,
686,Group,US,Los Angeles,2011,,-,-
687,Person,US,Downers Grove,-,-,1977-04-25,
688,Person,,,-,-,,
689,Group,,Clearwater,2005,,-,-
690,Person,US,Dunn,-,-,1929-05-02,True
691,Group,,Leesburg,2010,,-,-
692,Group,US,Wasilla,2004,,-,-
693,Group,,,1955,,-,-
694,Group,JP,Japan,2011,True,-,-
695,Group,US,Las Vegas,2008,,-,-
696,Group,US,Memphis,2002,,-,-
697,Group,GB,Manchester,1991,,-,-
698,Group,DE,,2011,,-,-
699,Person,US,Perryville,-,-,1986-04-02,
700,Group,US,Anne Arundel County,2013,,-,-
701,Group,US,Reno,2012,,-,-
702,,,,,,,
703,,,,2012-02-19,,-,-
704,Group,US,New York,2006,,-,-
705,Person,US,California,-,-,,
706,,,,,,,
707,,,,,,-,-
708,Person,,,-,-,,
709,Group,,,,,-,-
710,Person,CA,Port-au-Prince,-,-,1992-08-25,
711,Person,,,-,-,1999,
712,Group,GB,Brixton,2006,,-,-
713,Group,AU,Sydney,2010-11-25,,-,-
714,Person,US,,-,-,1990-08-21,
715,Group,US,Eau Claire,2008,,-,-
716,Group,,,,,-,-
717,Person,,St. Louis,-,-,,
718,Group,NZ,Auckland,,,-,-
719,Group,US,Minneapolis,,,-,-
720,Group,,,,,-,-
721,Group,US,Tulsa,2016-06-01,,-,-
722,Group,US,Los Angeles,2010,,-,-
723,Person,GB,Aberystwyth,-,-,1991-08-11,
724,Group,,,,,-,-
725,Person,,,-,-,,
726,Group,GB,London,2013,,-,-
727,Group,US,Los Angeles,2006,,-,-
728,Person,,,-,-,2000-04-29,
729,Group,US,Los Angeles,,,-,-
730,Person,GB,Bangor,-,-,1990-03-29,
731,Group,,Los Angeles,2017-04-12,,-,-
732,,,,,,-,-
733,,,,,,,
734,Person,,United States,-,-,1999-11-15,
735,Person,,,-,-,,
736,Group,AU,Melbourne,2011,,-,-
737,Group,CA,,,,-,-
738,Person,,South Bronx,-,-,2000-12-01,
739,Group,US,Brooklyn,2016,,-,-
740,Group,,Brighton,2010-02-03,True,-,-
741,Group,,Vancouver,,,-,-
742,Group,,United Kingdom,2021,,-,-
743,Group,,Memphis,2015,,-,-
744,Person,AU,Sydney,-,-,1994-06-12,
745,Group,,,2015-10,,-,-
746,,,,,,,
747,Person,US,Los Angeles,-,-,1983-10-07,
748,Group,,,2015-10,,-,-
749,Person,US,Boston,-,-,1991-10-11,
750,Group,,Liverpool,2018-06,,-,-
751,Person,US,Seattle,-,-,1984-02-29,
752,Group,AU,Australia,2013,,-,-
753,,,,,,,
754,Person,,,-,-,1992-07-19,
755,Group,,,2017,,-,-
756,Person,,,-,-,,
757,Group,US,Salt Lake City,2016,,-,-
758,Group,US,Los Angeles,,,-,-
759,Person,,,-,-,,
760,,,,-,-,2021,
761,Person,GB,London,-,-,2000-08-09,
762,Person,US,Atlanta,-,-,1989-07-13,
763,,,,-,-,,
764,Group,,,2012,,-,-
765,Group,,,,,-,-
766,Group,,Chicago,2013,,-,-
767,Group,IE,Dublin,2016,,-,-
768,,,,,,,
769,,,,,,-,-
770,Person,,,-,-,,
771,Group,,,,,-,-
772,Group,,Chicago,2014,,-,-
773,Person,IE,Dublin,-,-,1993-06-27,
774,Group,US,,2014,,-,-
775,Group,,,,,-,-
776,Person,,Burlington,-,-,2000-11-03,
777,Group,GB,,2012-06-01,,-,-
778,,,,,,,
779,Group,,New York,,,-,-
780,Person,US,Los Angeles,-,-,1985-07-18,
781,Person,,Johannesburg,-,-,1979-10-19,
782,Person,US,"Washington, D.C.",-,-,1987-12-08,
783,Group,US,Athens,2013,,-,-
784,Person,,Los Angeles,-,-,1993-04-03,
785,Person,US,Los Angeles,-,-,1997-07-30,
786,Person,,United Kingdom,-,-,,
787,Group,US,Louisville,,,-,-
788,Person,MX,,-,-,,
789,Person,,,-,-,,
790,,,,,,,
791,,,,,,,
792,,,,,,,
793,Person,MX,Chihuahua,-,-,2001-05-15,
794,Person,GB,Reading,-,-,1994-07-09,
795,,,,,,,
796,Group,US,Greenwich,2007,,-,-
797,Person,,Illinois,-,-,,
798,Person,PH,Philippines,-,-,1997-01-28,
799,Group,US,New York,2013,,-,-
800,Group,US,,2017,,-,-
801,,,,,,,
802,Person,,Oxford,-,-,1998-12-15,
803,Person,GB,National Capital Region,-,-,1997-08-30,
804,Group,,,,,-,-
805,Group,,,,,-,-
806,Person,MX,Delicias,-,-,2001-01-19,
807,Person,US,Providence,-,-,2001-03-01,
808,Person,US,,-,-,,
809,,,,,,,
810,Group,,,,,-,-
811,Person,US,Oakdale,-,-,1979-10-28,
812,Person,US,Minnesota City,-,-,1999-09-22,
813,Group,US,"Washington, D.C.",,,-,-
814,Person,US,Connecticut,-,-,1991-02-28,
815,Person,US,Rhode Island,-,-,2003-03-17,
816,,,,,,,
817,Person,,,-,-,2000-07-06,
818,,,,,,,
819,Person,ES,,-,-,,
820,Person,US,Kingston,-,-,1993-06-08,
821,Group,US,New York,2005,,-,-
822,Person,,,-,-,,
823,Person,NL,Dordrecht,-,-,1977,
824,Person,US,Austin,-,-,1991-05-23,
825,Person,AU,Melbourne,-,-,1988-06-23,
826,Group,,,2010,,-,-
827,Group,DK,Copenhagen,2003,,-,-
828,Person,AU,,-,-,,
829,Person,US,Highland Park,-,-,1999-04-23,
830,,,,,,,
831,Person,SE,Gothenburg,-,-,1978-07-31,
832,Group,,,,,-,-
833,Person,,United Kingdom,-,-,2003-12-23,
834,,,,,,,
835,Group,,San Antonio,2018,,-,-
836,Person,,,-,-,,
837,Person,US,Monterey,-,-,2000-12-16,
838,,,,,,,
839,Group,DE,,,,-,-
840,Person,GB,England,-,-,1999-08-18,
841,Group,US,Chicago,2015,,-,-
842,Group,,,,,-,-
843,Person,IL,Israel,-,-,1989-12-26,
844,Group,,,2018,,-,-
845,Group,,Leeds,2018-02-01,,-,-
846,Person,US,Henderson,-,-,1992-08-06,
847,Group,,Houston,2011,,-,-
848,,,,,,-,-
849,Person,,,-,-,,
850,Person,,,-,-,,
851,Person,US,United States,-,-,1999-05-19,
852,Group,US,Boston,,,-,-
853,Person,,,-,-,,
854,Person,US,Oklahoma,-,-,2000-05-01,
855,Person,US,Indiana,-,-,1999-02-18,
856,Person,,,-,-,,
857,Group,US,Oklahoma City,,,-,-
858,Person,,,-,-,,
859,Person,,,-,-,,
860,Person,US,Memphis,-,-,1995-09-29,
861,,,,,,,
862,Group,US,Chicago,2010,,-,-
863,Person,US,Ossining,-,-,,
864,,,,,,,
865,Person,,,-,-,,
866,Person,,Atlanta,-,-,1990-12-06,
867,Group,,San Diego,,,-,-
868,Person,,Austin,-,-,1987-06-06,
869,,,,,,,
870,Group,AU,Byron Bay,2014,,-,-
871,Group,US,Los Angeles,,,-,-
872,Person,,Punjab,-,-,1995-03-11,
873,Person,US,Greenville,-,-,1980-09-06,
874,Person,US,Danbury,-,-,1997-07-01,
875,Person,CA,Selkirk,-,-,1997-06-19,
876,Group,CA,Victoria,2014-06,,-,-
877,,,,,,-,-
878,Group,US,,1988,,-,-
879,,,,,,-,-
880,Person,US,Hilton Head Island,-,-,1986-11-28,
881,Person,,,-,-,,
882,Person,US,,-,-,,
883,,,,,,,
884,Person,,,-,-,,
885,Person,UA,,-,-,,
886,Person,US,Lexington,-,-,,
887,Person,US,,-,-,,
888,Person,,,-,-,,
889,Person,US,,-,-,,
890,Person,US,Memphis,-,-,1982-05-13,
891,Group,,Oslo,2017-01-01,,-,-
892,Person,US,Omaha,-,-,1987-05-27,
893,Person,,,-,-,,
894,,,,,,,
895,Person,,,-,-,,
896,Person,,Pune,-,-,1990-06-24,
897,Person,,,-,-,,
898,Person,,,-,-,,
899,,,,-,-,,
900,Group,,Mount Pleasant,2011,,-,-
901,Group,,Chicago,2009,,-,-
902,Person,KR,,-,-,,
903,Person,US,,-,-,1976-10-22,
904,Person,US,,-,-,,
905,,,,,,,
906,Group,,Los Angeles,2011,,-,-
907,Person,,,-,-,,
908,Person,,,-,-,1990,
909,Person,US,Los Angeles,-,-,1999-12-19,
910,Group,CA,Montréal,,,-,-
911,Person,CA,Toronto,-,-,1993,
912,Person,,,-,-,,
913,Group,GB,Glasgow,2011,,-,-
914,Group,US,Brooklyn,2011,,-,-
915,Person,,Boston,-,-,,
916,Person,,,-,-,,
917,,,,,,,
918,Group,,,,,-,-
919,Person,,London,-,-,1994-09-24,
920,Group,,,,,-,-
921,Group,,Leicester,2017,,-,-
922,Person,US,Lake Grove,-,-,1990-12-26,
923,Person,US,Dallas,-,-,1988-11-28,
924,,,,,,,
925,,,,,,,
926,,,,,,,
927,Group,GB,Totnes,1999,,-,-
928,Person,US,,-,-,,
929,Group,,,,,-,-
930,Person,,Boston,-,-,1991-03-06,
931,Group,US,Tempe,2007-01-21,,-,-
932,,,,,,-,-
933,Person,,Spicewood,-,-,,
934,Group,,California,,,-,-
935,,,,,,,
936,Group,US,Duluth,2004,,-,-
937,Person,US,Phoenix,-,-,1998-11-28,
938,,,,-,-,,
939,Person,,United States,-,-,,
940,Group,US,,,,-,-
941,Person,US,Fairfield,-,-,1995-12-23,
942,Group,IL,Israel,2011-05-29,,-,-
943,Person,,,-,-,,
944,Group,,Charleston,2013,,-,-
945,Group,,Brooklyn,,,-,-
946,Person,,Portsmouth,-,-,,
947,,,,,,,
948,Person,US,Deming,-,-,1987-01-08,
949,Person,CA,Halifax,-,-,,
950,Person,,,-,-,,
951,Person,IE,Dublin,-,-,1995-02-03,
952,Group,CA,Canada,2016,,-,-
953,Group,,,,,-,-
954,Person,US,,-,-,,
955,Person,AU,,-,-,,
956,Person,US,New Jersey,-,-,,
957,Group,,Marseille,2000,,-,-
958,Person,CA,Vancouver,-,-,1988-03-17,
959,Group,SE,Stockholm,2015,,-,-
960,Person,US,San Jose,-,-,1980-10-19,
961,Person,CA,Cupids,-,-,1995-08-19,
962,Person,US,,-,-,,
963,,,,,,,
964,Group,,Athens,2008,,-,-
965,Group,US,Tampa,2008,,-,-
966,Person,,Switzerland,-,-,1997-07-07,
967,Person,,,-,-,,
968,Person,GB,,-,-,,
969,Person,,,-,-,,
970,Group,,,,,-,-
971,Person,US,Jamaica,-,-,1999-12-20,
972,Person,US,Carson,-,-,2000-10-22,
973,Person,US,Queens,-,-,2002-08-26,
974,Person,US,Chicago,-,-,1999-01-06,
975,,,,,,,
976,Group,US,New Orleans,2013,,-,-
977,Person,US,Atlanta,-,-,2000-04-11,
978,Person,US,Frankfurt am Main,-,-,1985-01-28,
979,Person,US,Memphis,-,-,1991-09-22,
980,Person,US,Irvine,-,-,2000-02-26,
981,,,,,,,
982,Person,US,Memphis,-,-,1997-08-03,
983,Person,US,St. Petersburg,-,-,1999-08-27,
984,Person,US,Atlanta,-,-,1996-04-11,
985,Person,US,The Bronx,-,-,2001-04-30,
986,Person,US,Canton,-,-,1999-06-18,
987,Group,DE,,1979,True,-,-
988,Person,CA,Vancouver,-,-,1995-06-30,
989,Person,US,Houston,-,-,1994-06-12,
990,Person,US,Baton Rouge,-,-,1999-10-20,
991,Person,US,Columbia,-,-,1995-09-19,
992,Person,US,Birmingham,-,-,1999-12-18,
993,,,,,,,
994,Person,MX,San Luis Potosí,-,-,1994-07-15,
995,Person,US,Bay City,-,-,1999-02-02,
996,,,,-,-,,
997,,,,,,,
998,Person,US,Chattanooga,-,-,1991-05-16,
999,Person,US,Chicago,-,-,1998-12-02,True
1000,Person,US,Brooklyn,-,-,1997-11-29,
1001,,,,,,,
1002,Person,US,,-,-,2001-12-30,
1003,Person,US,Houston,-,-,1991-04-30,
1004,Person,,Cambridge,-,-,2003-06-08,
1005,Person,US,Atlanta,-,-,1991-08-16,
1006,,,,-,-,,
1007,Person,US,Columbia,-,-,1993-09-19,
1008,Person,,,-,-,1994-01-11,
1009,Person,US,,-,-,,
1010,Person,US,San Pedro,-,-,2000,
1011,Person,US,Atlanta,-,-,1994-12-03,
1012,Person,US,Westmont,-,-,1993-12-01,True
1013,Person,US,Memphis,-,-,2002-11-01,
1014,Person,US,McKinney,-,-,1992-05-31,True
1015,Person,US,St. Joseph,-,-,1972-10-17,
1016,Person,US,Jacksonville,-,-,2001-10-19,
1017,,,,,,,
1018,Group,US,Atlanta,2021,,-,-
1019,Person,US,The Bronx,-,-,1995-12-06,
1020,Person,US,Chicago,-,-,1995-08-15,
1021,Person,US,Beverly Hills,-,-,1977-10-25,
1022,Person,,,-,-,1992-10-24,
1023,Person,US,Chicago,-,-,1985-08-11,True
1024,Person,US,Mableton,-,-,1997-08-23,
1025,Person,US,Pittsburgh,-,-,1992-01-19,True
1026,Person,US,Clinton Hill,-,-,1972-05-21,True
1027,Person,,,-,-,1998-06-21,True
1028,Person,,,-,-,,
1029,,,,,,,
1030,Person,US,Canarsie,-,-,1999-07-20,True
1031,Person,US,Compton,-,-,1998-10-22,
1032,Person,US,Medford,-,-,1991-08-16,
1033,Person,US,Pompano Beach,-,-,1997-06-11,
1034,Person,US,,-,-,1982-07-27,
1035,,,,-,-,,
1036,Person,,,-,-,,
1037,Person,US,Carol City,-,-,1995-02-16,
1038,Person,US,,-,-,1991,
1039,Person,,,-,-,,
1040,Person,US,Long Beach,-,-,1993-07-02,
1041,Person,US,Rochester,-,-,1995-05-17,
1042,Person,US,Vallejo,-,-,1997-06-27,
1043,Person,CA,Mission,-,-,1988-09-21,
1044,Person,,,-,-,,
1045,,,,,,,
1046,Person,US,Las Vegas,-,-,2004-04-06,
1047,Person,KR,Sydney,-,-,1990-09-06,
1048,Person,US,Louisville,-,-,1993-01-02,
1049,Group,US,Miami,2017,True,-,-
1050,Person,US,North Carolina,-,-,2000-10-16,
1051,Person,,,-,-,,
1052,Person,,Ottawa,-,-,1997-05-29,
1053,Person,US,Los Angeles,-,-,1997-01-20,
1054,Person,US,,-,-,1999-05-01,
1055,,,,-,-,,
1056,,,,,,,
1057,Person,US,,-,-,,
1058,Person,,,-,-,,
1059,Person,,,-,-,,
1060,Person,,,-,-,,
1061,Person,US,Chambersburg,-,-,1998-08-04,
1062,,,,-,-,,
1063,Person,DO,Santo Domingo,-,-,1990-12-18,
1064,Person,DO,Puerto Plata,-,-,1996-03-17,
1065,Person,GY,Brooklyn,-,-,1986-08-26,
1066,Person,US,East Chicago,-,-,2000,
1067,Person,DO,Santo Domingo,-,-,,
1068,Person,US,United States,-,-,1989-02-01,
1069,Person,GB,,-,-,,
1070,Person,,Houston,-,-,2001-04-24,
1071,Person,,Orlando,-,-,1999-10-23,
1072,Person,US,Atlanta,-,-,1989-10-04,True
1073,Person,,Detroit,-,-,1994-03-23,
1074,,,,,,,
1075,Person,US,,-,-,1998-11-26,
1076,,,,-,-,,
1077,Person,,,-,-,,
1078,,,,,,,
1079,Person,,Nashville,-,-,1991-05-24,
1080,Person,US,Los Angeles,-,-,1997-01-28,
1081,,,,,,,
1082,Person,,,-,-,,
1083,Person,US,Gadsden,-,-,1979-12-30,
1084,Person,IN,Kerala,-,-,,
1085,Person,US,St. John's,-,-,1994-03-22,
1086,,,,-,-,,
1087,,,,-,-,,
1088,,,,-,-,,
1089,Person,,Sacramento,-,-,2000-11-29,
1090,Group,,,,,-,-
1091,Person,,California,-,-,1999-07-17,
1092,Person,US,Plaistow,-,-,1992-10-22,
1093,,,,,,,
1094,Person,US,,-,-,1999-07-01,
1095,Person,US,Miami,-,-,1994-12-20,
1096,,,,-,-,,
1097,Person,,,-,-,,
1098,Person,,,-,-,,
1099,Person,,,-,-,,
1100,,,,,,,
1101,,,,,,,
1102,Person,US,Ypsilanti,-,-,2000-06-06,
1103,,,,-,-,,
1104,,,,,,,
1105,Person,US,,-,-,,
1106,,,,-,-,,
1107,Person,,Atlanta,-,-,1993-05-15,
1108,Person,US,,-,-,2003-12-02,
1109,,,,,,,
1110,Person,US,"Watts, Los Angeles",-,-,1987-07-26,
1111,Person,US,,-,-,,
1112,Person,,,-,-,,
1113,Person,US,College Park,-,-,1993-06-14,
1114,Person,US,,-,-,,
1115,,,,,,,
1116,Person,,Virginia,-,-,2000-03-16,
1117,,,,,,,
1118,Person,US,,-,-,1996,
1119,Person,,,-,-,,
1120,Person,US,,-,-,,
1121,Person,,Madrid,-,-,2001-12-07,
1122,Person,US,Douglas,-,-,1997-06-03,
1123,Person,US,Atlanta,-,-,2000-07-29,
1124,Group,,,,,-,-
1125,Person,US,Florida,-,-,1997-08-27,
1126,,,,,,,
1127,Person,,,-,-,,
1128,,,,,,,
1129,Person,US,Manhattan,-,-,1993-02-27,
1130,,,,-,-,,
1131,Person,US,Chicago,-,-,1994-11-08,
1132,,,,,,,
1133,Group,,San Diego,2018,,-,-
1134,Person,US,Arecibo,-,-,1998-03-25,
1135,Person,US,Nashville,-,-,,
1136,Person,US,San Francisco,-,-,1991-04-08,
1137,Person,US,Atlanta,-,-,1992-12-17,
1138,Person,US,Minot,-,-,1987-09-08,
1139,Person,,Brooklyn,-,-,1998-09-23,
1140,Person,,,-,-,,
1141,Person,,,-,-,,
1142,,,,-,-,,
1143,Person,PR,Trujillo Alto,-,-,1983-06-10,
1144,Person,US,Bessemer,-,-,1980-02-12,
1145,Person,US,Chicago,-,-,1990-07-28,
1146,Person,US,,-,-,,
1147,Person,,,-,-,,
1148,,,,-,-,,
1149,Person,SE,Stockholms län,-,-,1994-04-09,
1150,Person,GB,Matlock,-,-,,
1151,,,,,,,
1152,Person,US,,-,-,,
1153,Person,US,Sacramento,-,-,1995-10-09,True
1154,,,,-,-,,
1155,,,,-,-,,
1156,,,,,,,
1157,,,,,,,
1158,,,,,,,
1159,,,,,,,
1160,Person,US,,-,-,,
1161,Person,US,Gary,-,-,1982-06-14,
1162,Person,US,Inglewood,-,-,1997-03-02,
1163,Person,US,"Washington, D.C.",-,-,1984-09-21,
1164,,,,,,,
1165,Person,US,San Diego,-,-,1997-07-22,
1166,Person,US,Washington,-,-,1981-09-24,
1167,Person,US,Compton,-,-,1990-03-09,
1168,Group,NL,,,,-,-
1169,,,,,,,
1170,,,,,,,
1171,Group,,,,,-,-
1172,,,,,,,
1173,,,,,,,
1174,,,,-,-,,
1175,,,,-,-,,
1176,Person,CA,Vancouver,-,-,1999-03-31,
1177,Person,US,The Bronx,-,-,1970-08-19,
1178,Person,US,,-,-,,
1179,Person,MT,,-,-,1994-06-01,
1180,Person,,,-,-,,
1181,Person,US,Richmond,-,-,1994-02-23,
1182,,,,,,,
1183,,,,,,,
1184,,,,-,-,,
1185,Person,US,Rabat,-,-,1984-11-09,
1186,,,,-,-,,
1187,Person,US,Tappahannock,-,-,1989-05-05,
1188,,,,-,-,,
1189,Person,US,Los Angeles,-,-,1985-04-13,
1190,Person,US,Lake Worth,-,-,1991-04-15,
1191,Person,,Brooklyn,-,-,1994-08-04,
1192,,,,,,,
1193,Person,US,Newburyport,-,-,1992-04-24,
1194,Person,US,Queens,-,-,2005-03-28,
1195,Person,,Redditch,-,-,1994-02-01,
1196,Person,,Hammersmith,-,-,1992-01-05,
1197,Person,,,-,-,,
1198,,,,,,,
1199,Person,,,-,-,,
1200,Person,US,Hobart,-,-,1997-05-20,
1201,Person,US,Nantucket,-,-,1993-12-22,
1202,Group,US,Manhattan,2010,,-,-
1203,,,,,,,
1204,Person,GB,London,-,-,1992-05-19,
1205,,,,,,,
1206,Person,US,Osaka,-,-,1992-09-18,
1207,Person,,,-,-,,
1208,Person,US,Jacksonville,-,-,1988-10-18,
1209,Person,BR,Goiânia,-,-,1991-08-26,
1210,Group,KR,Seoul,2022-07-22,,-,-
1211,Group,SE,Stockholm,2008,,-,-
1212,Person,US,Houston,-,-,1981-09-04,
1213,Person,PR,San Juan,-,-,1992-03-13,
1214,Person,JM,Kingston,-,-,1973-01-09,
1215,Person,US,,-,-,,
1216,Person,US,Shueyville,-,-,1989-09-09,
1217,Person,ES,Sant Esteve Sesrovires,-,-,1992-09-25,
1218,Person,MX,Hermosillo,-,-,1986-10-04,
1219,Person,US,,-,-,,
1220,Person,US,Virginia Beach,-,-,1973-04-05,
1221,,,,,,,
1222,Group,US,Brooklyn,2015,,-,-
1223,Person,,Kazakhstan,-,-,2000-10-21,
1224,Person,US,Phoenix,-,-,1994-05-28,
1225,Person,US,Monroe,-,-,1987-01-31,
1226,Person,AU,Sydney,-,-,1987-10-21,
1227,Person,GB,,-,-,1989,
1228,Person,US,Nashua,-,-,1973-06-18,
1229,Person,,Haslemere,-,-,1998-05-04,
1230,Person,US,Bainbridge Island,-,-,1996-01-15,
1231,Group,US,Denton,2006-12,,-,-
1232,Group,US,El Paso,2008,,-,-
1233,Person,DE,Hamburg,-,-,1994-08-28,
1234,Person,US,New Orleans,-,-,1982-09-27,
1235,,,,,,,
1236,Person,US,,-,-,,
1237,Person,US,Caracas,-,-,1992,
1238,Person,US,Janesville,-,-,1991-12-02,
1239,Group,KR,Seoul,2022-03-28,,-,-
1240,Group,KR,Seoul,2016-08-08,,-,-
1241,Person,,,-,-,,
1242,Person,,Los Angeles,-,-,1995-09-05,
1243,Person,GB,Tooting,-,-,1997-10-24,
1244,Person,,Illinois,-,-,,
1245,Person,GB,Burton upon Trent,-,-,1994-05-25,
1246,Group,US,Los Angeles,2013,,-,-
1247,Person,KR,Seoul,-,-,1995-09-22,
1248,Person,US,Pittsburg,-,-,1992-07-14,
1249,Group,VE,,,,-,-
1250,Person,US,,-,-,,
1251,Person,GB,Ashbourne,-,-,,
1252,Person,US,Chicago,-,-,1987-07-17,
1253,Person,,Gilroy,-,-,2004-04-13,
1254,Group,US,Los Angeles,2018-01-12,,-,-
1255,Person,US,Cleveland,-,-,1984-01-30,
1256,Group,GB,Manchester,2002,,-,-
1257,Person,US,The Bronx,-,-,1981-07-21,
1258,Person,,,-,-,1996,
1259,Person,US,Manhattan,-,-,1981-01-25,
1260,Person,US,,-,-,,
1261,Person,US,Glendale,-,-,1956-08-18,
1262,Person,US,San Francisco,-,-,1928-07-17,True
1263,Person,GB,Bristol,-,-,1993-06-07,
1264,Person,,Cambridge,-,-,1992-08-02,
1265,,,,,,,
1266,Person,GB,London,-,-,1987-07-25,
1267,Person,,,-,-,,
1268,,,,-,-,,
1269,Person,NG,Edo,-,-,1989-03-17,
1270,Person,NO,Stavanger,-,-,1996-06-15,
1271,,,,-,-,,
1272,Group,,Kingston,2016,,-,-
1273,Person,US,Kannapolis,-,-,1997,
1274,Person,GB,Chichester,-,-,1990-11-24,
1275,Person,US,Harlem,-,-,1969-11-04,
1276,,,,,,,
1277,Group,US,,2007,,-,-
1278,Person,US,Köln,-,-,1992-08-27,
1279,Person,,,-,-,,
1280,Person,,,-,-,,
1281,Person,US,Los Angeles,-,-,1996-12-11,
1282,Person,US,Nashville,-,-,2000-09-16,
1283,Person,US,Charlottesville,-,-,,
1284,Person,CO,Barranquilla,-,-,1977-02-02,
1285,Person,NG,Port Harcourt,-,-,1991-07-02,
1286,Group,,Mobile,,,-,-
1287,Person,,,-,-,,
1288,Group,AU,Sydney,2015,,-,-
1289,Group,,,2014,,-,-
1290,,,,,,,
1291,,,,,,,
1292,Group,,,,,-,-
1293,Group,US,Ramsey,2008-12-31,,-,-
1294,Group,FR,Paris,2014,,-,-
1295,Person,KZ,,-,-,,
1296,Person,US,Upper East Side,-,-,1986-03-28,
1297,Person,US,Parkland,-,-,,
1298,Group,CA,London,2012,,-,-
1299,Person,US,Morgantown,-,-,1991-12-16,
1300,Person,US,Malibu,-,-,1985-05-29,
1301,Person,PR,Toa Baja,-,-,1982-09-25,
1302,Group,MX,,,,-,-
1303,Group,GB,,,,-,-
1304,Group,KR,Seoul,2021-05-18,,-,-
1305,Person,JP,Tokyo,-,-,2002-10-24,
1306,Person,US,New York,-,-,1998-07-08,
1307,Person,SN,St. Louis,-,-,1973-04-16,
1308,Person,KR,Busan,-,-,1997-09-01,
1309,Person,US,Raleigh,-,-,1997-08-26,
1310,Person,NL,Rotterdam,-,-,1995-02-01,
1311,Person,US,,-,-,,
1312,Person,GB,Nigeria,-,-,1997-04-27,
1313,Person,JP,Gifu,-,-,2000-11-09,
1314,,,,,,,
1315,Person,US,Easton,-,-,1994-04-25,
1316,Person,,,-,-,,
1317,Person,PL,Dąbrowa Górnicza,-,-,1993-05-23,
1318,Group,AT,,,,-,-
1319,,,,,,,
1320,,,,,,,
1321,Person,US,Saint Michael,-,-,1988-02-20,
1322,Person,CA,Toronto,-,-,1991-06-12,
1323,Person,US,Chattanooga,-,-,,
1324,Person,KR,Cheonan,-,-,1996-10-22,
1325,Person,US,Davidson,-,-,,
1326,Person,US,,-,-,,
1327,,,,,,,
1328,Person,US,Anaheim,-,-,1999-06-04,
1329,Group,JP,Yokohama,2001,,-,-
1330,Person,CA,Belleville,-,-,1984-09-27,
1331,Person,US,Terre Haute,-,-,1999-10-09,
1332,Person,US,Fort Stewart,-,-,1998-02-11,
1333,Group,US,New York,2012,,-,-
1334,Person,US,Atlanta,-,-,1994-04-15,
1335,Person,NO,Singapore,-,-,1991-09-11,
1336,Person,US,,-,-,,
1337,,,,-,-,,
1338,Person,US,San Francisco,-,-,1994-08-08,
1339,Person,,Lagos,-,-,1994-06-05,
1340,Person,NG,Lagos,-,-,1995-01-13,
1341,Person,US,Springfield,-,-,1978-12-28,
1342,Person,GB,London,-,-,1989-08-02,
1343,Group,,,,,-,-
1344,Person,GB,Hereford,-,-,1986-12-30,
1345,Person,,,-,-,,
1346,Person,CA,Niagara Falls,-,-,1981-01-05,
1347,,,,,,,
1348,Person,,,-,-,,
1349,Person,US,Carol City,-,-,1979-09-16,
1350,Person,US,,-,-,1997-05-15,
1351,,,,,,,
1352,Person,,Naples,-,-,1995-12-30,
1353,Person,,,-,-,,
1354,Person,,,-,-,,
1355,,,,,,,
1356,Person,GB,Kingston upon Thames,-,-,1998-11-01,
1357,Person,CA,,-,-,,
1358,,,,-,-,,
1359,Group,,,,,-,-
1360,Group,KR,Seoul,2017-09-29,,-,-
1361,Person,NG,Nigeria,-,-,1997-06-25,
1362,,,,,,,
1363,Person,AU,Adelaide,-,-,1975-12-18,
1364,Person,,,-,-,,
1365,Person,US,Dearborn,-,-,1997-08-28,
1366,Person,US,Portland,-,-,1999-04-02,
1367,Person,US,Willard,-,-,1998-02-19,
1368,Person,MX,Monterrey,-,-,1995-09-25,
1369,,,,-,-,,
1370,Group,US,Newark,2001-09-12,,-,-
1371,Group,AU,Sydney,2011,,-,-
1372,Person,,,-,-,,
1373,Person,NG,Nigeria,-,-,1999-08-23,
1374,Person,,Cheltenham,-,-,1988-01-16,
1375,Person,SE,Stockholm,-,-,1987-10-29,
1376,Group,US,Orlando,,,-,-
1377,Person,,Brooklyn,-,-,1995-08-24,
1378,Group,CA,Toronto,2011,,-,-
1379,,,,,,,
1380,Person,US,Santa Barbara,-,-,1987-03-31,
1381,,,,-,-,,
1382,Person,US,Detroit,-,-,1972-08-03,
1383,Person,,,-,-,,
1384,Person,,Dumfries,-,-,1984-01-17,
1385,Group,US,New York,2009,,-,-
1386,,,,,,,
1387,Person,DE,Saratov,-,-,1989-09-02,
1388,Person,CA,Kamloops,-,-,1983-05-11,
1389,,,,,,,
1390,Person,,,-,-,2001-05-17,
1391,Person,AR,Formosa,-,-,1944-02-14,
1392,Person,,,-,-,,
1393,Person,CA,,-,-,,
1394,Person,,Cape Town,-,-,,
1395,Group,US,New York,2000,,-,-
1396,Person,GB,Steyning,-,-,2000-05-28,
1397,Person,US,Oakland,-,-,2000-07-09,
1398,Person,KR,Jeonju,-,-,1989-03-09,
1399,Group,SE,Stockholm,2017,,-,-
1400,Group,GB,Birmingham,1978,,-,-
1401,Person,US,Los Angeles,-,-,1979-11-27,
1402,Group,KR,Seoul,2016-08-24,,-,-
1403,Person,US,Stockton,-,-,2002-05-15,
1404,,,,,,,
1405,Person,,,-,-,,
1406,Person,GB,Middlesbrough,-,-,1988-03-02,
1407,Person,US,McMinnville,-,-,,
1408,Person,DE,Solingen,-,-,1992-03-23,
1409,Group,KR,Seoul,2019-01-28,,-,-
1410,Person,KR,Suwon,-,-,1994-02-10,
1411,Person,US,Detroit,-,-,1995-10-17,
1412,Person,,,-,-,,
1413,Group,KR,Tokyo,2022-01-25,,-,-
1414,,,,,,,
1415,Person,FR,Aix-en-Provence,-,-,1996-12-17,
1416,Group,,,2015,,-,-
1417,Group,GB,Isle of Wight,1980,,-,-
1418,Person,PK,,-,-,,
1419,Group,,,,,-,-
1420,Person,US,Dallas,-,-,1998-07-21,
1421,Person,IN,Punjab,-,-,1984-01-06,
1422,Person,US,New York,-,-,1989-05-11,
1423,Person,KR,Busan,-,-,1995-10-13,
1424,Person,US,Fort Lauderdale,-,-,1993-04-10,
1425,,,,,,,
1426,,,,-,-,,
1427,Person,,,-,-,,
1428,Person,US,Philadelphia,-,-,1977-06-22,
1429,,,,,,,
1430,Group,,,,,-,-
1431,Person,US,Dixon,-,-,1985-05-20,
1432,,,,,,,
1433,Person,US,Tullahoma,-,-,1985-05-14,
1434,Person,US,Battle Creek,-,-,1986-04-07,
1435,Group,,,,,-,-
1436,Group,GB,Basildon,1980-03,,-,-
1437,Group,,,2021,,-,-
1438,Person,,,-,-,,
1439,Group,CA,Norwood,1997,,-,-
1440,Group,US,,2000,,-,-
1441,Person,US,Ann Arbor,-,-,1985-01-08,
1442,Group,US,Plano,2010,,-,-
1443,Person,IE,Bray,-,-,1990-03-17,
1444,Group,US,Palestine,2005-04,,-,-
1445,Person,US,Fort Lauderdale,-,-,1979-02-17,
1446,Person,US,Nashville,-,-,1987-05-07,
1447,Group,US,Des Moines,1995,,-,-
1448,,,,,,,
1449,Group,,Bangor,2004,,-,-
1450,Group,IE,Dublin,2014,,-,-
1451,Group,US,San Francisco,1973,,-,-
1452,Group,GB,Teignmouth,1994,,-,-
1453,Group,DE,Berlin,1994-01,,-,-
1454,Person,US,Nashville,-,-,1978-07-21,
1455,Group,US,Los Angeles,1983,,-,-
1456,Group,US,Cleveland,,,-,-
1457,Group,US,Los Angeles,1981-10-28,,-,-
1458,Group,GB,High Green,2002,,-,-
1459,Group,JP,,1994,,-,-
1460,Group,,,,,-,-
1461,Person,US,Rockville,-,-,1981-05-03,
1462,Person,US,Ferriday,-,-,1935-09-29,True
1463,Group,US,Nyack,2001,,-,-
1464,Person,US,Havertown,-,-,1993-02-03,
1465,Group,US,Woodland Hills,2012,,-,-
1466,Group,US,Massachusetts,2009,,-,-
1467,,,,,,,
1468,,,,,,,
1469,Person,,Charleston,-,-,1995-03-21,
1470,Person,US,Hokes Bluff,-,-,1983-10-03,
1471,Group,,,,,-,-
1472,Person,,Louisville,-,-,1970-12-24,
1473,Group,US,Keller,2008,,-,-
1474,Group,US,"Delray, Detroit",1991,,-,-
1475,Person,US,Newfoundland and Labrador,-,-,1974-11-10,
1476,Group,US,Irvine,2004,,-,-
1477,,,,,,,
1478,Group,,,,,-,-
1479,Group,JP,Sakai,2006-12-17,,-,-
1480,Person,MX,Guadalajara,-,-,1990-08-25,
1481,Person,,,-,-,,
1482,Person,CA,Canada,-,-,1982-03-20,
1483,,,,,,,
1484,Group,US,Calabasas,2015,,-,-
1485,Group,NZ,Auckland,2015,,-,-
1486,,,,,,,
1487,Group,JP,,2009,,-,-
1488,Person,US,San Diego,-,-,1951-11-14,
1489,Person,US,Greenville,-,-,1996-03-11,
1490,Person,US,Seattle,-,-,1971-12-21,
1491,,,,-,-,,
1492,Group,US,Los Angeles,1983-06,,-,-
1493,Person,GB,Aylesbury,-,-,1990-11-17,
1494,Person,US,Tupelo,-,-,1935-01-08,True
1495,Group,US,Baltimore,2004,,-,-
1496,Person,US,Sumter,-,-,1979-06-10,
1497,Group,US,Jacksonville,2010,,-,-
1498,Group,US,Boston,1986,,-,-
1499,Group,KR,South Korea,2017,,-,-
1500,Person,US,Sydney,-,-,1977-07-26,
1501,Group,,,,,-,-
1502,Group,US,Austin,1994,,-,-
1503,Group,,Nashville,2005-06,,-,-
1504,Person,MX,Hermosillo,-,-,1965-02-16,
1505,Person,US,Ellaville,-,-,1986-08-01,
1506,Group,,New Jersey,2016-04-20,,-,-
1507,Person,,,-,-,,
1508,Group,US,Los Angeles,2005-04,,-,-
1509,Group,GB,Derby,2010,,-,-
1510,Group,,Croydon,2017,True,-,-
1511,Person,US,Burbank,-,-,1949-11-08,
1512,Person,US,,-,-,,
1513,Group,JP,Nagoya,2007,,-,-
1514,,,,,,,
1515,Group,,,2018,,-,-
1516,Group,IS,Reykjavík,1994-01-04,,-,-
1517,Group,,Perth,2016,,-,-
1518,,,,,,,
1519,Person,,,-,-,1994-02-13,
1520,Group,CO,Bogotá,2005,,-,-
1521,Group,JP,Kobe,2002,,-,-
1522,Group,JP,,,,-,-
1523,Group,MX,Hermosillo,1999,,-,-
1524,,,,,,,
1525,Group,JP,,2012,,-,-
1526,Group,GB,London,1975-06,True,-,-
1527,Group,US,Seattle,2004,,-,-
1528,Group,US,Gainesville,1976,True,-,-
1529,,,,,,,
1530,Group,,London,1965,True,-,-
1531,Group,US,Ann Arbor,2011,,-,-
1532,Person,JP,Aira,-,-,1988-03-16,
1533,,,,,,,
1534,Group,JP,,2005,,-,-
1535,Person,CA,Kingston,-,-,1959-11-05,
1536,Group,CA,Toronto,2010,,-,-
1537,Group,CA,Toronto,1998,,-,-
1538,Group,,Japan,2019,,-,-
1539,Group,,Newcastle,,,-,-
1540,Group,,,,,-,-
1541,Group,US,Jacksonville,1964,,-,-
1542,,,,,,-,-
1543,Person,US,Detroit,-,-,1975-07-09,
1544,Person,US,Georgia,-,-,1955-01-03,
1545,Person,US,St. Louis,-,-,1987-01-22,
1546,Group,GB,Newport,1998,,-,-
1547,Person,US,,-,-,1981-02-26,
1548,Group,AU,Melbourne,1975,,-,-
1549,Group,US,New York,2001,,-,-
1550,Group,,Santa Fe,2006,,-,-
1551,Group,CA,Burlington,2000-06,,-,-
1552,Group,GB,Oxford,2005,,-,-
1553,Group,US,,,,-,-
1554,Group,,Delray Beach,2012,,-,-
1555,Group,GB,Glasgow,2001,,-,-
1556,Group,US,Philadelphia,2016,,-,-
1557,Group,US,Brooklyn,1999,,-,-
1558,Group,JP,Japan,2000-07-19,,-,-
1559,Person,IE,County Meath,-,-,1996-02-23,
1560,,,,,,,
1561,Person,US,Phoenix,-,-,1948-05-26,
1562,Person,US,Long Branch,-,-,1949-09-23,
1563,Group,,London,2018-10,,-,-
1564,Group,GB,Sheffield,1977,,-,-
1565,,,,,,,
1566,Person,,Minneapolis,-,-,,
1567,Group,US,Mesa,1993,,-,-
1568,Group,EG,,2003,,-,-
1569,Group,US,St. Louis,2015,,-,-
1570,Group,,Bangor,2007,,-,-
1571,Group,AR,Buenos Aires,2009,,-,-
1572,Person,,,-,-,,
1573,Person,US,,-,-,,
1574,Group,,New York,2012,,-,-
1575,Person,US,Salem,-,-,1965-03-01,
1576,Group,SE,Stockholm,2007,,-,-
1577,Group,,Sydney,2010-11,,-,-
1578,,,,,,,
1579,Group,US,Los Angeles,2002,,-,-
1580,Group,,Nashville,2003,,-,-
1581,Group,JP,,,,-,-
1582,Person,US,Paducah,-,-,1962-11-21,
1583,Group,JP,,2013,,-,-
1584,Group,US,Northport,1995,,-,-
1585,Group,US,Lancaster,2013-05-26,,-,-
1586,,,,,,,
1587,Group,,Oklahoma City,2019,,-,-
1588,,,,,,,
1589,Group,,,2013,,-,-
1590,Group,SE,Stockholm,2007-11-27,,-,-
1591,Group,US,Nashville,2015,,-,-
1592,Person,GB,London,-,-,1992-07-18,
1593,,,,-,-,,
1594,Group,US,Chicago,1988,,-,-
1595,Group,GB,London,1992,,-,-
1596,Person,,,-,-,,
1597,Group,,,2012-06-18,,-,-
1598,Person,JP,,-,-,1994-07-07,
1599,Person,,,-,-,,
1600,Person,US,Lansdowne,-,-,1980-01-03,
1601,Group,JP,Tokyo,2010-11-28,,-,-
1602,Group,,,2017,,-,-
1603,,,,,,,
1604,Group,NZ,New Zealand,2017,,-,-
1605,Group,US,San Jose,1994,,-,-
1606,,,,,,,
1607,Group,US,San Jose,1990,,-,-
1608,Group,CA,La Crete,1997,,-,-
1609,Group,US,Greenville,2006,,-,-
1610,Group,JP,Shibuya,2011-08,,-,-
1611,,,,,,,
1612,Person,,Seoul,-,-,2001-06-14,
1613,Group,,Chicago,2017-01-01,,-,-
1614,,,,,,,
1615,,,,,,,
1616,Person,US,Tucson,-,-,1946-07-15,
1617,Person,US,Greenville,-,-,,
1618,Person,GR,,-,-,,
1619,Person,US,Vero Beach,-,-,1988-09-14,
1620,Person,US,Lawrence County,-,-,1991-06-21,
1621,Group,,,2004,,-,-
1622,Person,IE,Galway,-,-,2005-02-28,
1623,Group,US,Philadelphia,2016,,-,-
1624,Group,US,Heber City,,,-,-
1625,Person,,Memphis,-,-,,
1626,Person,,Philadelphia,-,-,1996-09-25,
1627,Group,,,2019,,-,-
1628,Person,CA,Lancaster,-,-,1979-10-08,
1629,Person,,Saskatchewan,-,-,1995-06-27,
1630,Person,US,Mie,-,-,1990-09-27,
1631,Person,AU,Victoria,-,-,,
1632,Person,GB,,-,-,,
1633,Group,US,Fernandina Beach,,,-,-
1634,Group,,,,,-,-
1635,Group,,Berkeley,2014,,-,-
1636,Person,US,Chicago,-,-,1999-01-22,
1637,Group,US,Seattle,2012-06-11,,-,-
1638,Person,US,Staten Island,-,-,1986-06-29,
1639,Person,,Hermosa Beach,-,-,1996-10-04,
1640,,,,,,,
1641,Group,GB,Liverpool,1999,,-,-
1642,Group,,,,,-,-
1643,,,,,,-,-
1644,Person,US,San Francisco,-,-,,
1645,Person,US,"Washington, D.C.",-,-,2004-04-20,
1646,Group,US,Sacramento,2005,,-,-
1647,Group,,United States,2015-08,,-,-
1648,Group,,,2022,,-,-
1649,,,,,,,
1650,Group,,North Carolina,2013,,-,-
1651,Group,US,"Washington, D.C.",,,-,-
1652,Person,US,,-,-,,
1653,Person,US,Seattle,-,-,1992-12-13,
1654,Person,,,-,-,,
1655,Group,US,,,,-,-
1656,Person,,Virginia,-,-,1995-03-10,
1657,Group,US,,2012,,-,-
1658,Group,,Medina,2012,,-,-
1659,Group,GB,Reigate,2010,,-,-
1660,Group,,Los Angeles,2017,,-,-
1661,,,,,,-,-
1662,Group,US,San Francisco,2009,,-,-
1663,Group,US,Los Angeles,2015,True,-,-
1664,Group,,Orem,2014-07,,-,-
1665,Person,,Niigata,-,-,1990-08-16,
1666,Person,AU,Brisbane,-,-,1998-09-25,
1667,,,,,,,
1668,,,,,,,
1669,Person,US,Compton,-,-,1989-08-10,
1670,Person,US,Norfolk,-,-,1993-01-17,
1671,Group,,,2021,,-,-
1672,Person,GB,Ilford,-,-,1985-12-23,
1673,Group,AU,Sydney,2010,,-,-
1674,Group,,,2021,,-,-
1675,Group,US,Montclair,2010,,-,-
1676,Person,LK,Sri Lanka,-,-,1993-07-30,
1677,,,,,,,
1678,Group,US,Lindale,1977,True,-,-
1679,Person,,,-,-,,
1680,Person,AU,Melbourne,-,-,1998-05-22,
1681,Person,US,Anchorage,-,-,,
1682,Person,,,-,-,,
1683,Person,US,Tennessee,-,-,1993-12-29,
1684,Person,GB,Grantham,-,-,1999-12-17,
1685,,,,,,,
1686,Person,AU,Sydney,-,-,1991-11-05,
1687,Group,US,,,,-,-
1688,Person,US,,-,-,,
1689,Group,,,,,-,-
1690,,,,,,,
1691,Person,FR,Nantes,-,-,1994-05-30,
1692,Group,NO,Bergen,2015,,-,-
1693,Group,,Regina,2012,,-,-
1694,Group,,Portland,2002,,-,-
1695,Person,,New York,-,-,1996-10-12,
1696,Person,,,-,-,,
1697,Group,,,2017,,-,-
1698,Group,US,Long Beach,2016,,-,-
1699,Person,US,Chicago,-,-,1990-03-20,
1700,,,,,,,
1701,Person,US,Charlotte,-,-,1989-07-06,
1702,Person,IE,Galway,-,-,2005-02-28,
1703,Person,,,-,-,,
1704,Person,AU,,-,-,,
1705,,,,,,,
1706,Person,US,Issaquah,-,-,1983-01-16,
1707,Group,US,Oakland,2007-11,,-,-
1708,Person,,,-,-,,
1709,Group,AU,Sydney,2014,,-,-
1710,Group,US,Brooklyn,2005,,-,-
1711,Group,,,,,-,-
1712,Person,US,United States,-,-,1999-06-06,
1713,,,,,,,
1714,Group,US,Nashville,,,-,-
1715,Person,US,Los Angeles,-,-,1984-10-19,
1716,Person,US,,-,-,,
1717,Group,US,San Francisco,2005,,-,-
1718,Person,,,-,-,,
1719,Person,GB,Hackney,-,-,1989-01-04,
1720,,,,,,,
1721,Group,JP,Sapporo,1989-09-16,,-,-
1722,Person,GB,London,-,-,1988-10-28,
1723,Person,,London,-,-,2003-02-07,
1724,Group,US,Eau Claire,2006,,-,-
1725,Person,,,-,-,1995,
1726,Group,,San Diego,,,-,-
1727,Person,FR,Tours,-,-,1991-03-27,
1728,Person,,Cincinnati,-,-,,
1729,Group,,Sterling,2011,,-,-
1730,Person,US,Beattyville,-,-,1990-05-09,
1731,Person,US,Atlanta,-,-,1994-12-17,
1732,Person,US,Norwalk,-,-,1988-10-13,
1733,Group,US,Orange County,2011,,-,-
1734,Person,MX,,-,-,,
1735,Person,AU,New South Wales,-,-,1990-08-30,
1736,,,,,,,
1737,Person,US,Santa Monica,-,-,1988-06-11,
1738,Group,MX,Monterrey,2013,,-,-
1739,Group,,,,,-,-
1740,Person,US,,-,-,,
1741,Person,,,-,-,1996-01-12,
1742,Person,US,Hagerstown,-,-,1995-04-19,
1743,Group,US,Columbus,2016-06-02,,-,-
1744,Person,,,-,-,,
1745,Person,IN,Jaipur,-,-,1990-03-03,
1746,,,,,,,
1747,Group,US,,2018,,-,-
1748,Person,CA,,-,-,,
1749,Group,,New Orleans,2013-08,,-,-
1750,Person,GB,Leeds,-,-,1976-03-30,
1751,Group,,,,,-,-
1752,Person,,,-,-,,
1753,,,,,,,
1754,Person,US,Los Angeles,-,-,1988-06-16,
1755,Person,SE,Stockholm,-,-,1994,
1756,Group,US,New York,2007,,-,-
1757,Group,,Liverpool,2011-09-01,,-,-
1758,,,,,,-,-
1759,,,,,,,
1760,Person,US,Montpelier,-,-,1981-03-26,
1761,Person,,Hamilton,-,-,,
1762,Group,SE,Stockholm,2007,,-,-
1763,Group,,Bennington,2018,,-,-
1764,Person,US,,-,-,,
1765,Person,US,Los Angeles,-,-,1991-04-03,
1766,,,,,,,
1767,Person,AR,Buenos Aires,-,-,1998-01-23,
1768,Person,DE,Middlesbrough,-,-,1974-01-23,
1769,Group,US,Torrance,2008-11,,-,-
1770,Person,US,Boston,-,-,1998-09-24,
1771,Person,NL,,-,-,,
1772,Person,US,Torrance,-,-,,
1773,Person,,,-,-,,
1774,Person,,,-,-,,
1775,Person,,,-,-,,
1776,Person,US,Waco,-,-,,
1777,Person,US,,-,-,,
1778,Person,GB,Guernsey,-,-,1996-04-05,
1779,Group,,,2017,,-,-
1780,,,,,,,
1781,,,,,,,
1782,Person,US,,-,-,,
1783,Group,,,2018,,-,-
1784,Person,GR,,-,-,,
1785,Group,,United States,,,-,-
1786,Person,,,-,-,,
1787,Person,US,East St. Louis,-,-,1937-10-04,True
1788,Person,,,-,-,,
1789,Group,,Hanoi,2007,,-,-
1790,Person,US,,-,-,,
1791,Group,,Miami,,,-,-
1792,,,,,,-,-
1793,Person,,Suffolk,-,-,1996-09-14,
1794,Group,NZ,,,,-,-
1795,Person,US,,-,-,,
1796,Person,US,Atlanta,-,-,1983-11-20,
1797,Person,US,St. Louis,-,-,1993-09-16,
1798,Person,US,Compton,-,-,1987-06-17,
1799,Person,US,,-,-,1997-10-19,
1800,Person,US,Lawrenceville,-,-,1991-04-02,
1801,Person,US,Francisville,-,-,1995-07-31,
1802,Person,US,Atlanta,-,-,2001-07-08,
1803,Person,US,Plantation,-,-,1998-01-23,True
1804,Person,US,Flatbush,-,-,1995-01-20,
1805,Person,CA,Oshawa,-,-,1997-09-19,
1806,Person,US,Rochester,-,-,1996-03-19,
1807,Person,,Massachusetts,-,-,2004-02-06,
1808,Person,US,Detroit,-,-,1996-12-03,
1809,Person,US,Chicago,-,-,1994-08-09,True
1810,,,,,,,
1811,Person,,Mobile,-,-,2000-01-09,
1812,Person,JP,,-,-,1970-12-23,
1813,Person,US,Compton,-,-,1965-02-18,
1814,Person,KR,Goyang,-,-,1994-09-12,
1815,Person,GB,London,-,-,1994-11-03,
1816,Person,US,Chicago,-,-,1999-05-25,
1817,Person,,Grand Rapids,-,-,2002-10-03,
1818,Person,KR,Gangnam District,-,-,1977-12-31,
1819,,,,,,,
1820,Group,US,Boston,2000,,-,-
1821,Person,,,-,-,2001-05-28,
1822,Person,US,,-,-,,
1823,,,,,,,
1824,Person,,,-,-,,
1825,Person,CA,Toronto,-,-,1989-11-03,
1826,Person,US,Atlanta,-,-,1996-04-13,
1827,Person,US,The Bronx,-,-,1992-10-11,
1828,,,,-,-,,
1829,,,,,,,
1830,Person,,Brooklyn,-,-,1990-03-29,
1831,,,,-,-,,
1832,Person,,,-,-,,
1833,Person,,,-,-,,
1834,Person,US,Mobile,-,-,1993-09-30,
1835,Person,,,-,-,,
1836,Group,US,Los Angeles,1995,,-,-
1837,,,,,,,
1838,Person,US,Harlem,-,-,1988-10-03,
1839,Person,,,-,-,,
1840,,,,,,,
1841,Person,US,Chicago,-,-,1993-04-16,
1842,,,,-,-,,
1843,Person,US,Brooklyn,-,-,1973-09-14,
1844,Person,US,College Park,-,-,1976-09-10,
1845,Person,US,,-,-,1999-03-06,
1846,Person,,,-,-,,
1847,,,,,,,
1848,,,,-,-,,
1849,,,,,,,
1850,Person,,,-,-,,
1851,,,,,,,
1852,Person,US,Los Angeles,-,-,,
1853,,,,-,-,,
1854,Person,US,Dallas,-,-,1987-12-17,
1855,Person,DO,Santo Domingo,-,-,1991-05-18,
1856,Person,US,Lawrenceville,-,-,1991-12-14,
1857,Person,US,,-,-,,
1858,,,,,,,
1859,Person,ES,,-,-,,
1860,Group,,,,,-,-
1861,Person,US,Oakland,-,-,1995-04-24,
1862,,,,,,,
1863,,,,,,,
1864,Person,,United States,-,-,1994-08-03,
1865,Group,DE,,2008,,-,-
1866,Person,US,,-,-,,
1867,Group,,,,,-,-
1868,Group,IT,,,,-,-
1869,Person,US,New Jersey,-,-,1997-05-11,
1870,Group,US,Florida,2021,,-,-
1871,,,,,,-,-
1872,Person,KR,Edmonds,-,-,1987-04-25,
1873,Person,US,The Bronx,-,-,1976-07-15,
1874,,,,-,-,,
1875,Person,US,,-,-,,
1876,,,,-,-,,
1877,,,,,,,
1878,,,,-,-,,
1879,Person,US,Memphis,-,-,1981-05-19,
1880,Person,,,-,-,,
1881,,,,,,,
1882,Person,US,Paterson,-,-,1990-06-07,
1883,Person,US,South Jamaica,-,-,1975-07-06,
1884,,,,,,,
1885,Person,US,New York,-,-,2003-10-23,
1886,Person,,Savannah,-,-,1999,
1887,,,,-,-,,
1888,,,,-,-,,
1889,Person,US,,-,-,1994-09-06,
1890,Person,US,,-,-,,
